id_observacion,fecha,semana,dia_semana,turno,id_area,id_rol,tipo_observacion,descripcion_observacion,accion_inmediata
OBS_000001,2024-11-11,1,Lunes,T1D,MRA,TME_ROL_01,OPG,Observación sintética tipo Observación Preventiva de Gestión,Acción sintética registrada.
OBS_000002,2024-11-11,1,Lunes,T1D,CHP,CHP_ROL_01,OPG,Observación sintética tipo Observación Preventiva de Gestión,Acción sintética registrada.
OBS_000003,2024-11-11,1,Lunes,T1D,PLC,MRA_ROL_02,OPG,Observación sintética tipo Observación Preventiva de Gestión,Acción sintética registrada.
OBS_000004,2024-11-11,1,Lunes,T2N,MRA,MRA_ROL_01,OPG,Observación sintética tipo Observación Preventiva de Gestión,Acción sintética registrada.
OBS_000005,2024-11-11,1,Lunes,T1D,CHP,CHP_ROL_02,OPG,Observación sintética tipo Observación Preventiva de Gestión,Acción sintética registrada.
OBS_000006,2024-11-12,1,Martes,T1D,PLC,CHP_ROL_02,OPG,Observación sintética tipo Observación Preventiva de Gestión,Acción sintética registrada.
OBS_000007,2024-11-12,1,Martes,T2N,CHP,STM_ROL_02,OPG,Observación sintética tipo Observación Preventiva de Gestión,Acción sintética registrada.
OBS_000008,2024-11-12,1,Martes,T2N,MRA,CHP_ROL_01,OPG,Observación sintética tipo Observación Preventiva de Gestión,Acción sintética registrada.
OBS_000009,2024-11-12,1,Martes,T2N,TME,TME_ROL_01,OCC,Observación sintética tipo Observación de Condición Crítica,Acción sintética registrada.
OBS_000010,2024-11-12,1,Martes,T1D,CHP,TME_ROL_02,OCC,Observación sintética tipo Observación de Condición Crítica,Acción sintética registrada.
OBS_000011,2024-11-13,1,Miércoles,T1D,MRA,STM_ROL_01,OPG,Observación sintética tipo Observación Preventiva de Gestión,Acción sintética registrada.
OBS_000012,2024-11-13,1,Miércoles,T1D,TME,TME_ROL_02,OPG,Observación sintética tipo Observación Preventiva de Gestión,Acción sintética registrada.
OBS_000013,2024-11-14,1,Jueves,T2N,MRA,STM_ROL_02,OPG,Observación sintética tipo Observación Preventiva de Gestión,Acción sintética registrada.
OBS_000014,2024-11-14,1,Jueves,T1D,STM,MRA_ROL_02,OPG,Observación sintética tipo Observación Preventiva de Gestión,Acción sintética registrada.
OBS_000015,2024-11-14,1,Jueves,T2N,PLC,TME_ROL_02,OPG,Observación sintética tipo Observación Preventiva de Gestión,Acción sintética registrada.
OBS_000016,2024-11-15,1,Viernes,T1D,MRA,MRA_ROL_01,OPG,Observación sintética tipo Observación Preventiva de Gestión,Acción sintética registrada.
OBS_000017,2024-11-15,1,Viernes,T1D,TME,MRA_ROL_02,OPG,Observación sintética tipo Observación Preventiva de Gestión,Acción sintética registrada.
OBS_000018,2024-11-15,1,Viernes,T1D,MRA,STM_ROL_01,OPG,Observación sintética tipo Observación Preventiva de Gestión,Acción sintética registrada.
OBS_000019,2024-11-15,1,Viernes,T2N,STM,TME_ROL_02,OPG,Observación sintética tipo Observación Preventiva de Gestión,Acción sintética registrada.
OBS_000020,2024-11-16,1,Sábado,T1D,TME,TME_ROL_02,OPG,Observación sintética tipo Observación Preventiva de Gestión,Acción sintética registrada.
OBS_000021,2024-11-16,1,Sábado,T1D,TME,MRA_ROL_02,OPG,Observación sintética tipo Observación Preventiva de Gestión,Acción sintética registrada.
OBS_000022,2024-11-17,1,Domingo,T1D,PLC,CHP_ROL_02,OPG,Observación sintética tipo Observación Preventiva de Gestión,Acción sintética registrada.
OBS_000023,2024-11-17,1,Domingo,T1D,STM,STM_ROL_01,OPG,Observación sintética tipo Observación Preventiva de Gestión,Acción sintética registrada.
OBS_000024,2024-11-17,1,Domingo,T2N,PLC,CHP_ROL_02,OPG,Observación sintética tipo Observación Preventiva de Gestión,Acción sintética registrada.
OBS_000025,2024-11-17,1,Domingo,T2N,MRA,CHP_ROL_02,OPG,Observación sintética tipo Observación Preventiva de Gestión,Acción sintética registrada.
OBS_000026,2024-11-17,1,Domingo,T1D,TME,STM_ROL_01,OCC,Observación sintética tipo Observación de Condición Crítica,Acción sintética registrada.
OBS_000027,2024-11-18,2,Lunes,T2N,MRA,CHP_ROL_02,OPG,Observación sintética tipo Observación Preventiva de Gestión,Acción sintética registrada.
OBS_000028,2024-11-18,2,Lunes,T2N,CHP,STM_ROL_02,OPG,Observación sintética tipo Observación Preventiva de Gestión,Acción sintética registrada.
OBS_000029,2024-11-18,2,Lunes,T2N,STM,CHP_ROL_01,OCC,Observación sintética tipo Observación de Condición Crítica,Acción sintética registrada.
OBS_000030,2024-11-19,2,Martes,T2N,CHP,CHP_ROL_02,OPG,Observación sintética tipo Observación Preventiva de Gestión,Acción sintética registrada.
OBS_000031,2024-11-19,2,Martes,T2N,PLC,STM_ROL_01,OPG,Observación sintética tipo Observación Preventiva de Gestión,Acción sintética registrada.
OBS_000032,2024-11-19,2,Martes,T2N,TME,CHP_ROL_02,OPG,Observación sintética tipo Observación Preventiva de Gestión,Acción sintética registrada.
OBS_000033,2024-11-19,2,Martes,T1D,PLC,STM_ROL_02,OPG,Observación sintética tipo Observación Preventiva de Gestión,Acción sintética registrada.
OBS_000034,2024-11-19,2,Martes,T1D,MRA,MRA_ROL_02,OCC,Observación sintética tipo Observación de Condición Crítica,Acción sintética registrada.
OBS_000035,2024-11-19,2,Martes,T1D,CHP,STM_ROL_01,OCC,Observación sintética tipo Observación de Condición Crítica,Acción sintética registrada.
OBS_000036,2024-11-19,2,Martes,T1D,STM,STM_ROL_01,OCC,Observación sintética tipo Observación de Condición Crítica,Acción sintética registrada.
OBS_000037,2024-11-19,2,Martes,T2N,PLC,TME_ROL_01,OCC,Observación sintética tipo Observación de Condición Crítica,Acción sintética registrada.
OBS_000038,2024-11-20,2,Miércoles,T1D,MRA,PLC_ROL_01,OPG,Observación sintética tipo Observación Preventiva de Gestión,Acción sintética registrada.
OBS_000039,2024-11-20,2,Miércoles,T2N,TME,MRA_ROL_02,OPG,Observación sintética tipo Observación Preventiva de Gestión,Acción sintética registrada.
OBS_000040,2024-11-21,2,Jueves,T2N,STM,CHP_ROL_01,OPG,Observación sintética tipo Observación Preventiva de Gestión,Acción sintética registrada.
OBS_000041,2024-11-21,2,Jueves,T2N,MRA,TME_ROL_01,OPG,Observación sintética tipo Observación Preventiva de Gestión,Acción sintética registrada.
OBS_000042,2024-11-21,2,Jueves,T1D,PLC,MRA_ROL_02,OCC,Observación sintética tipo Observación de Condición Crítica,Acción sintética registrada.
OBS_000043,2024-11-22,2,Viernes,T2N,PLC,PLC_ROL_02,OPG,Observación sintética tipo Observación Preventiva de Gestión,Acción sintética registrada.
OBS_000044,2024-11-22,2,Viernes,T1D,CHP,TME_ROL_02,OPG,Observación sintética tipo Observación Preventiva de Gestión,Acción sintética registrada.
OBS_000045,2024-11-22,2,Viernes,T1D,PLC,PLC_ROL_01,OCC,Observación sintética tipo Observación de Condición Crítica,Acción sintética registrada.
OBS_000046,2024-11-23,2,Sábado,T1D,PLC,TME_ROL_02,OPG,Observación sintética tipo Observación Preventiva de Gestión,Acción sintética registrada.
OBS_000047,2024-11-23,2,Sábado,T2N,MRA,MRA_ROL_02,OPG,Observación sintética tipo Observación Preventiva de Gestión,Acción sintética registrada.
OBS_000048,2024-11-23,2,Sábado,T2N,TME,CHP_ROL_02,OPG,Observación sintética tipo Observación Preventiva de Gestión,Acción sintética registrada.
OBS_000049,2024-11-23,2,Sábado,T1D,CHP,PLC_ROL_02,OCC,Observación sintética tipo Observación de Condición Crítica,Acción sintética registrada.
OBS_000050,2024-11-23,2,Sábado,T1D,MRA,STM_ROL_02,OCC,Observación sintética tipo Observación de Condición Crítica,Acción sintética registrada.
OBS_000051,2024-11-24,2,Domingo,T1D,PLC,CHP_ROL_01,OPG,Observación sintética tipo Observación Preventiva de Gestión,Acción sintética registrada.
OBS_000052,2024-11-24,2,Domingo,T1D,STM,PLC_ROL_01,OPG,Observación sintética tipo Observación Preventiva de Gestión,Acción sintética registrada.
OBS_000053,2024-11-25,3,Lunes,T1D,TME,PLC_ROL_01,OPG,Observación sintética tipo Observación Preventiva de Gestión,Acción sintética registrada.
OBS_000054,2024-11-25,3,Lunes,T2N,CHP,PLC_ROL_01,OPG,Observación sintética tipo Observación Preventiva de Gestión,Acción sintética registrada.
OBS_000055,2024-11-25,3,Lunes,T1D,TME,STM_ROL_01,OPG,Observación sintética tipo Observación Preventiva de Gestión,Acción sintética registrada.
OBS_000056,2024-11-26,3,Martes,T2N,STM,PLC_ROL_01,OPG,Observación sintética tipo Observación Preventiva de Gestión,Acción sintética registrada.
OBS_000057,2024-11-26,3,Martes,T2N,MRA,CHP_ROL_02,OPG,Observación sintética tipo Observación Preventiva de Gestión,Acción sintética registrada.
OBS_000058,2024-11-26,3,Martes,T1D,MRA,TME_ROL_02,OPG,Observación sintética tipo Observación Preventiva de Gestión,Acción sintética registrada.
OBS_000059,2024-11-26,3,Martes,T1D,PLC,PLC_ROL_01,OPG,Observación sintética tipo Observación Preventiva de Gestión,Acción sintética registrada.
OBS_000060,2024-11-27,3,Miércoles,T1D,PLC,CHP_ROL_02,OPG,Observación sintética tipo Observación Preventiva de Gestión,Acción sintética registrada.
OBS_000061,2024-11-27,3,Miércoles,T1D,MRA,MRA_ROL_01,OPG,Observación sintética tipo Observación Preventiva de Gestión,Acción sintética registrada.
OBS_000062,2024-11-27,3,Miércoles,T1D,MRA,MRA_ROL_01,OPG,Observación sintética tipo Observación Preventiva de Gestión,Acción sintética registrada.
OBS_000063,2024-11-27,3,Miércoles,T2N,MRA,PLC_ROL_01,OPG,Observación sintética tipo Observación Preventiva de Gestión,Acción sintética registrada.
OBS_000064,2024-11-27,3,Miércoles,T1D,TME,STM_ROL_02,OPG,Observación sintética tipo Observación Preventiva de Gestión,Acción sintética registrada.
OBS_000065,2024-11-27,3,Miércoles,T1D,PLC,CHP_ROL_01,OCC,Observación sintética tipo Observación de Condición Crítica,Acción sintética registrada.
OBS_000066,2024-11-28,3,Jueves,T2N,CHP,STM_ROL_02,OPG,Observación sintética tipo Observación Preventiva de Gestión,Acción sintética registrada.
OBS_000067,2024-11-28,3,Jueves,T2N,CHP,MRA_ROL_02,OCC,Observación sintética tipo Observación de Condición Crítica,Acción sintética registrada.
OBS_000068,2024-11-29,3,Viernes,T1D,STM,TME_ROL_02,OPG,Observación sintética tipo Observación Preventiva de Gestión,Acción sintética registrada.
OBS_000069,2024-11-29,3,Viernes,T2N,STM,STM_ROL_02,OPG,Observación sintética tipo Observación Preventiva de Gestión,Acción sintética registrada.
OBS_000070,2024-11-29,3,Viernes,T1D,MRA,MRA_ROL_01,OPG,Observación sintética tipo Observación Preventiva de Gestión,Acción sintética registrada.
OBS_000071,2024-11-29,3,Viernes,T2N,TME,MRA_ROL_02,OCC,Observación sintética tipo Observación de Condición Crítica,Acción sintética registrada.
OBS_000072,2024-12-01,3,Domingo,T1D,CHP,CHP_ROL_02,OPG,Observación sintética tipo Observación Preventiva de Gestión,Acción sintética registrada.
OBS_000073,2024-12-01,3,Domingo,T2N,CHP,STM_ROL_01,OPG,Observación sintética tipo Observación Preventiva de Gestión,Acción sintética registrada.
OBS_000074,2024-12-01,3,Domingo,T1D,TME,STM_ROL_02,OPG,Observación sintética tipo Observación Preventiva de Gestión,Acción sintética registrada.
OBS_000075,2024-12-01,3,Domingo,T1D,MRA,STM_ROL_02,OCC,Observación sintética tipo Observación de Condición Crítica,Acción sintética registrada.
OBS_000076,2024-12-01,3,Domingo,T1D,MRA,PLC_ROL_01,OCC,Observación sintética tipo Observación de Condición Crítica,Acción sintética registrada.
OBS_000077,2024-12-02,4,Lunes,T1D,MRA,CHP_ROL_02,OPG,Observación sintética tipo Observación Preventiva de Gestión,Acción sintética registrada.
OBS_000078,2024-12-02,4,Lunes,T1D,STM,STM_ROL_02,OPG,Observación sintética tipo Observación Preventiva de Gestión,Acción sintética registrada.
OBS_000079,2024-12-02,4,Lunes,T2N,CHP,STM_ROL_01,OPG,Observación sintética tipo Observación Preventiva de Gestión,Acción sintética registrada.
OBS_000080,2024-12-02,4,Lunes,T1D,CHP,STM_ROL_01,OPG,Observación sintética tipo Observación Preventiva de Gestión,Acción sintética registrada.
OBS_000081,2024-12-03,4,Martes,T1D,STM,TME_ROL_01,OPG,Observación sintética tipo Observación Preventiva de Gestión,Acción sintética registrada.
OBS_000082,2024-12-03,4,Martes,T2N,TME,STM_ROL_01,OCC,Observación sintética tipo Observación de Condición Crítica,Acción sintética registrada.
OBS_000083,2024-12-03,4,Martes,T2N,CHP,CHP_ROL_02,OCC,Observación sintética tipo Observación de Condición Crítica,Acción sintética registrada.
OBS_000084,2024-12-04,4,Miércoles,T2N,CHP,MRA_ROL_01,OPG,Observación sintética tipo Observación Preventiva de Gestión,Acción sintética registrada.
OBS_000085,2024-12-04,4,Miércoles,T1D,TME,MRA_ROL_01,OPG,Observación sintética tipo Observación Preventiva de Gestión,Acción sintética registrada.
OBS_000086,2024-12-05,4,Jueves,T1D,PLC,STM_ROL_02,OPG,Observación sintética tipo Observación Preventiva de Gestión,Acción sintética registrada.
OBS_000087,2024-12-05,4,Jueves,T1D,MRA,PLC_ROL_01,OPG,Observación sintética tipo Observación Preventiva de Gestión,Acción sintética registrada.
OBS_000088,2024-12-05,4,Jueves,T1D,CHP,MRA_ROL_02,OCC,Observación sintética tipo Observación de Condición Crítica,Acción sintética registrada.
OBS_000089,2024-12-05,4,Jueves,T1D,CHP,STM_ROL_01,OCC,Observación sintética tipo Observación de Condición Crítica,Acción sintética registrada.
OBS_000090,2024-12-06,4,Viernes,T1D,PLC,CHP_ROL_02,OPG,Observación sintética tipo Observación Preventiva de Gestión,Acción sintética registrada.
OBS_000091,2024-12-06,4,Viernes,T1D,PLC,MRA_ROL_02,OPG,Observación sintética tipo Observación Preventiva de Gestión,Acción sintética registrada.
OBS_000092,2024-12-06,4,Viernes,T2N,PLC,PLC_ROL_02,OPG,Observación sintética tipo Observación Preventiva de Gestión,Acción sintética registrada.
OBS_000093,2024-12-07,4,Sábado,T2N,TME,CHP_ROL_02,OPG,Observación sintética tipo Observación Preventiva de Gestión,Acción sintética registrada.
OBS_000094,2024-12-07,4,Sábado,T2N,CHP,TME_ROL_01,OCC,Observación sintética tipo Observación de Condición Crítica,Acción sintética registrada.
OBS_000095,2024-12-07,4,Sábado,T2N,CHP,TME_ROL_01,OCC,Observación sintética tipo Observación de Condición Crítica,Acción sintética registrada.
OBS_000096,2024-12-08,4,Domingo,T2N,TME,MRA_ROL_02,OPG,Observación sintética tipo Observación Preventiva de Gestión,Acción sintética registrada.
OBS_000097,2024-12-08,4,Domingo,T1D,STM,PLC_ROL_02,OPG,Observación sintética tipo Observación Preventiva de Gestión,Acción sintética registrada.
OBS_000098,2024-12-09,5,Lunes,T1D,MRA,PLC_ROL_01,OPG,Observación sintética tipo Observación Preventiva de Gestión,Acción sintética registrada.
OBS_000099,2024-12-09,5,Lunes,T1D,PLC,TME_ROL_01,OPG,Observación sintética tipo Observación Preventiva de Gestión,Acción sintética registrada.
OBS_000100,2024-12-09,5,Lunes,T1D,TME,MRA_ROL_02,OPG,Observación sintética tipo Observación Preventiva de Gestión,Acción sintética registrada.
OBS_000101,2024-12-09,5,Lunes,T1D,TME,TME_ROL_01,OPG,Observación sintética tipo Observación Preventiva de Gestión,Acción sintética registrada.
OBS_000102,2024-12-09,5,Lunes,T1D,STM,PLC_ROL_01,OPG,Observación sintética tipo Observación Preventiva de Gestión,Acción sintética registrada.
OBS_000103,2024-12-09,5,Lunes,T2N,PLC,PLC_ROL_01,OCC,Observación sintética tipo Observación de Condición Crítica,Acción sintética registrada.
OBS_000104,2024-12-10,5,Martes,T1D,PLC,TME_ROL_01,OPG,Observación sintética tipo Observación Preventiva de Gestión,Acción sintética registrada.
OBS_000105,2024-12-10,5,Martes,T1D,CHP,TME_ROL_01,OPG,Observación sintética tipo Observación Preventiva de Gestión,Acción sintética registrada.
OBS_000106,2024-12-10,5,Martes,T1D,MRA,PLC_ROL_01,OPG,Observación sintética tipo Observación Preventiva de Gestión,Acción sintética registrada.
OBS_000107,2024-12-10,5,Martes,T1D,TME,TME_ROL_01,OPG,Observación sintética tipo Observación Preventiva de Gestión,Acción sintética registrada.
OBS_000108,2024-12-11,5,Miércoles,T1D,TME,CHP_ROL_02,OPG,Observación sintética tipo Observación Preventiva de Gestión,Acción sintética registrada.
OBS_000109,2024-12-11,5,Miércoles,T2N,PLC,STM_ROL_02,OCC,Observación sintética tipo Observación de Condición Crítica,Acción sintética registrada.
OBS_000110,2024-12-12,5,Jueves,T2N,MRA,MRA_ROL_02,OPG,Observación sintética tipo Observación Preventiva de Gestión,Acción sintética registrada.
OBS_000111,2024-12-13,5,Viernes,T2N,TME,MRA_ROL_01,OPG,Observación sintética tipo Observación Preventiva de Gestión,Acción sintética registrada.
OBS_000112,2024-12-13,5,Viernes,T1D,TME,CHP_ROL_01,OPG,Observación sintética tipo Observación Preventiva de Gestión,Acción sintética registrada.
OBS_000113,2024-12-13,5,Viernes,T2N,CHP,STM_ROL_02,OPG,Observación sintética tipo Observación Preventiva de Gestión,Acción sintética registrada.
OBS_000114,2024-12-13,5,Viernes,T2N,PLC,MRA_ROL_01,OPG,Observación sintética tipo Observación Preventiva de Gestión,Acción sintética registrada.
OBS_000115,2024-12-13,5,Viernes,T1D,MRA,CHP_ROL_01,OPG,Observación sintética tipo Observación Preventiva de Gestión,Acción sintética registrada.
OBS_000116,2024-12-14,5,Sábado,T1D,TME,PLC_ROL_02,OPG,Observación sintética tipo Observación Preventiva de Gestión,Acción sintética registrada.
OBS_000117,2024-12-14,5,Sábado,T1D,STM,CHP_ROL_01,OPG,Observación sintética tipo Observación Preventiva de Gestión,Acción sintética registrada.
OBS_000118,2024-12-14,5,Sábado,T1D,TME,TME_ROL_02,OPG,Observación sintética tipo Observación Preventiva de Gestión,Acción sintética registrada.
OBS_000119,2024-12-14,5,Sábado,T1D,TME,CHP_ROL_02,OPG,Observación sintética tipo Observación Preventiva de Gestión,Acción sintética registrada.
OBS_000120,2024-12-14,5,Sábado,T1D,MRA,TME_ROL_02,OCC,Observación sintética tipo Observación de Condición Crítica,Acción sintética registrada.
OBS_000121,2024-12-15,5,Domingo,T2N,PLC,CHP_ROL_01,OPG,Observación sintética tipo Observación Preventiva de Gestión,Acción sintética registrada.
OBS_000122,2024-12-15,5,Domingo,T1D,CHP,CHP_ROL_01,OPG,Observación sintética tipo Observación Preventiva de Gestión,Acción sintética registrada.
OBS_000123,2024-12-15,5,Domingo,T2N,MRA,CHP_ROL_01,OCC,Observación sintética tipo Observación de Condición Crítica,Acción sintética registrada.
OBS_000124,2024-12-15,5,Domingo,T2N,STM,CHP_ROL_02,OCC,Observación sintética tipo Observación de Condición Crítica,Acción sintética registrada.
OBS_000125,2024-12-15,5,Domingo,T2N,CHP,MRA_ROL_02,OCC,Observación sintética tipo Observación de Condición Crítica,Acción sintética registrada.
OBS_000126,2024-12-16,6,Lunes,T2N,MRA,STM_ROL_02,OPG,Observación sintética tipo Observación Preventiva de Gestión,Acción sintética registrada.
OBS_000127,2024-12-16,6,Lunes,T1D,CHP,STM_ROL_02,OPG,Observación sintética tipo Observación Preventiva de Gestión,Acción sintética registrada.
OBS_000128,2024-12-16,6,Lunes,T2N,TME,CHP_ROL_02,OPG,Observación sintética tipo Observación Preventiva de Gestión,Acción sintética registrada.
OBS_000129,2024-12-16,6,Lunes,T1D,MRA,CHP_ROL_02,OPG,Observación sintética tipo Observación Preventiva de Gestión,Acción sintética registrada.
OBS_000130,2024-12-16,6,Lunes,T2N,TME,TME_ROL_01,OPG,Observación sintética tipo Observación Preventiva de Gestión,Acción sintética registrada.
OBS_000131,2024-12-16,6,Lunes,T1D,TME,TME_ROL_02,OPG,Observación sintética tipo Observación Preventiva de Gestión,Acción sintética registrada.
OBS_000132,2024-12-17,6,Martes,T2N,PLC,TME_ROL_02,OPG,Observación sintética tipo Observación Preventiva de Gestión,Acción sintética registrada.
OBS_000133,2024-12-17,6,Martes,T1D,MRA,TME_ROL_01,OPG,Observación sintética tipo Observación Preventiva de Gestión,Acción sintética registrada.
OBS_000134,2024-12-18,6,Miércoles,T1D,PLC,TME_ROL_01,OPG,Observación sintética tipo Observación Preventiva de Gestión,Acción sintética registrada.
OBS_000135,2024-12-19,6,Jueves,T1D,MRA,PLC_ROL_02,OPG,Observación sintética tipo Observación Preventiva de Gestión,Acción sintética registrada.
OBS_000136,2024-12-19,6,Jueves,T2N,TME,TME_ROL_02,OPG,Observación sintética tipo Observación Preventiva de Gestión,Acción sintética registrada.
OBS_000137,2024-12-19,6,Jueves,T2N,PLC,PLC_ROL_01,OPG,Observación sintética tipo Observación Preventiva de Gestión,Acción sintética registrada.
OBS_000138,2024-12-19,6,Jueves,T1D,STM,PLC_ROL_02,OPG,Observación sintética tipo Observación Preventiva de Gestión,Acción sintética registrada.
OBS_000139,2024-12-19,6,Jueves,T1D,TME,MRA_ROL_01,OPG,Observación sintética tipo Observación Preventiva de Gestión,Acción sintética registrada.
OBS_000140,2024-12-20,6,Viernes,T2N,MRA,PLC_ROL_01,OPG,Observación sintética tipo Observación Preventiva de Gestión,Acción sintética registrada.
OBS_000141,2024-12-20,6,Viernes,T1D,TME,STM_ROL_01,OPG,Observación sintética tipo Observación Preventiva de Gestión,Acción sintética registrada.
OBS_000142,2024-12-20,6,Viernes,T1D,TME,PLC_ROL_02,OPG,Observación sintética tipo Observación Preventiva de Gestión,Acción sintética registrada.
OBS_000143,2024-12-20,6,Viernes,T2N,MRA,TME_ROL_01,OPG,Observación sintética tipo Observación Preventiva de Gestión,Acción sintética registrada.
OBS_000144,2024-12-20,6,Viernes,T2N,STM,TME_ROL_02,OPG,Observación sintética tipo Observación Preventiva de Gestión,Acción sintética registrada.
OBS_000145,2024-12-20,6,Viernes,T2N,TME,PLC_ROL_01,OPG,Observación sintética tipo Observación Preventiva de Gestión,Acción sintética registrada.
OBS_000146,2024-12-21,6,Sábado,T1D,CHP,STM_ROL_01,OPG,Observación sintética tipo Observación Preventiva de Gestión,Acción sintética registrada.
OBS_000147,2024-12-21,6,Sábado,T2N,CHP,PLC_ROL_02,OPG,Observación sintética tipo Observación Preventiva de Gestión,Acción sintética registrada.
OBS_000148,2024-12-21,6,Sábado,T2N,STM,PLC_ROL_01,OPG,Observación sintética tipo Observación Preventiva de Gestión,Acción sintética registrada.
OBS_000149,2024-12-21,6,Sábado,T1D,TME,TME_ROL_01,OPG,Observación sintética tipo Observación Preventiva de Gestión,Acción sintética registrada.
OBS_000150,2024-12-21,6,Sábado,T1D,STM,PLC_ROL_02,OPG,Observación sintética tipo Observación Preventiva de Gestión,Acción sintética registrada.
OBS_000151,2024-12-21,6,Sábado,T2N,STM,STM_ROL_02,OPG,Observación sintética tipo Observación Preventiva de Gestión,Acción sintética registrada.
OBS_000152,2024-12-21,6,Sábado,T2N,CHP,PLC_ROL_01,OPG,Observación sintética tipo Observación Preventiva de Gestión,Acción sintética registrada.
OBS_000153,2024-12-21,6,Sábado,T2N,CHP,MRA_ROL_02,OPG,Observación sintética tipo Observación Preventiva de Gestión,Acción sintética registrada.
OBS_000154,2024-12-22,6,Domingo,T2N,PLC,PLC_ROL_02,OPG,Observación sintética tipo Observación Preventiva de Gestión,Acción sintética registrada.
OBS_000155,2024-12-22,6,Domingo,T2N,MRA,CHP_ROL_02,OPG,Observación sintética tipo Observación Preventiva de Gestión,Acción sintética registrada.
OBS_000156,2024-12-22,6,Domingo,T2N,CHP,CHP_ROL_02,OCC,Observación sintética tipo Observación de Condición Crítica,Acción sintética registrada.
OBS_000157,2024-12-23,7,Lunes,T1D,MRA,MRA_ROL_01,OPG,Observación sintética tipo Observación Preventiva de Gestión,Acción sintética registrada.
OBS_000158,2024-12-23,7,Lunes,T1D,STM,PLC_ROL_02,OPG,Observación sintética tipo Observación Preventiva de Gestión,Acción sintética registrada.
OBS_000159,2024-12-23,7,Lunes,T1D,STM,STM_ROL_01,OPG,Observación sintética tipo Observación Preventiva de Gestión,Acción sintética registrada.
OBS_000160,2024-12-23,7,Lunes,T1D,STM,STM_ROL_02,OPG,Observación sintética tipo Observación Preventiva de Gestión,Acción sintética registrada.
OBS_000161,2024-12-23,7,Lunes,T2N,CHP,CHP_ROL_01,OCC,Observación sintética tipo Observación de Condición Crítica,Acción sintética registrada.
OBS_000162,2024-12-24,7,Martes,T1D,MRA,STM_ROL_01,OPG,Observación sintética tipo Observación Preventiva de Gestión,Acción sintética registrada.
OBS_000163,2024-12-24,7,Martes,T1D,CHP,PLC_ROL_01,OPG,Observación sintética tipo Observación Preventiva de Gestión,Acción sintética registrada.
OBS_000164,2024-12-24,7,Martes,T2N,MRA,PLC_ROL_01,OPG,Observación sintética tipo Observación Preventiva de Gestión,Acción sintética registrada.
OBS_000165,2024-12-24,7,Martes,T1D,MRA,STM_ROL_02,OPG,Observación sintética tipo Observación Preventiva de Gestión,Acción sintética registrada.
OBS_000166,2024-12-24,7,Martes,T1D,STM,PLC_ROL_01,OPG,Observación sintética tipo Observación Preventiva de Gestión,Acción sintética registrada.
OBS_000167,2024-12-24,7,Martes,T2N,STM,PLC_ROL_02,OPG,Observación sintética tipo Observación Preventiva de Gestión,Acción sintética registrada.
OBS_000168,2024-12-24,7,Martes,T2N,PLC,STM_ROL_02,OPG,Observación sintética tipo Observación Preventiva de Gestión,Acción sintética registrada.
OBS_000169,2024-12-25,7,Miércoles,T1D,STM,STM_ROL_02,OPG,Observación sintética tipo Observación Preventiva de Gestión,Acción sintética registrada.
OBS_000170,2024-12-25,7,Miércoles,T2N,CHP,TME_ROL_01,OPG,Observación sintética tipo Observación Preventiva de Gestión,Acción sintética registrada.
OBS_000171,2024-12-25,7,Miércoles,T2N,CHP,TME_ROL_01,OPG,Observación sintética tipo Observación Preventiva de Gestión,Acción sintética registrada.
OBS_000172,2024-12-25,7,Miércoles,T2N,MRA,TME_ROL_01,OPG,Observación sintética tipo Observación Preventiva de Gestión,Acción sintética registrada.
OBS_000173,2024-12-25,7,Miércoles,T1D,TME,TME_ROL_02,OPG,Observación sintética tipo Observación Preventiva de Gestión,Acción sintética registrada.
OBS_000174,2024-12-25,7,Miércoles,T2N,PLC,MRA_ROL_02,OPG,Observación sintética tipo Observación Preventiva de Gestión,Acción sintética registrada.
OBS_000175,2024-12-26,7,Jueves,T1D,CHP,CHP_ROL_02,OPG,Observación sintética tipo Observación Preventiva de Gestión,Acción sintética registrada.
OBS_000176,2024-12-26,7,Jueves,T2N,CHP,CHP_ROL_02,OPG,Observación sintética tipo Observación Preventiva de Gestión,Acción sintética registrada.
OBS_000177,2024-12-26,7,Jueves,T1D,STM,STM_ROL_01,OPG,Observación sintética tipo Observación Preventiva de Gestión,Acción sintética registrada.
OBS_000178,2024-12-26,7,Jueves,T2N,PLC,STM_ROL_02,OPG,Observación sintética tipo Observación Preventiva de Gestión,Acción sintética registrada.
OBS_000179,2024-12-26,7,Jueves,T2N,MRA,CHP_ROL_02,OPG,Observación sintética tipo Observación Preventiva de Gestión,Acción sintética registrada.
OBS_000180,2024-12-26,7,Jueves,T2N,STM,PLC_ROL_02,OPG,Observación sintética tipo Observación Preventiva de Gestión,Acción sintética registrada.
OBS_000181,2024-12-26,7,Jueves,T1D,PLC,STM_ROL_01,OPG,Observación sintética tipo Observación Preventiva de Gestión,Acción sintética registrada.
OBS_000182,2024-12-26,7,Jueves,T2N,MRA,TME_ROL_02,OPG,Observación sintética tipo Observación Preventiva de Gestión,Acción sintética registrada.
OBS_000183,2024-12-26,7,Jueves,T2N,STM,STM_ROL_01,OPG,Observación sintética tipo Observación Preventiva de Gestión,Acción sintética registrada.
OBS_000184,2024-12-26,7,Jueves,T1D,STM,CHP_ROL_02,OPG,Observación sintética tipo Observación Preventiva de Gestión,Acción sintética registrada.
OBS_000185,2024-12-27,7,Viernes,T2N,STM,STM_ROL_02,OPG,Observación sintética tipo Observación Preventiva de Gestión,Acción sintética registrada.
OBS_000186,2024-12-27,7,Viernes,T1D,STM,TME_ROL_02,OPG,Observación sintética tipo Observación Preventiva de Gestión,Acción sintética registrada.
OBS_000187,2024-12-27,7,Viernes,T2N,CHP,STM_ROL_02,OPG,Observación sintética tipo Observación Preventiva de Gestión,Acción sintética registrada.
OBS_000188,2024-12-27,7,Viernes,T1D,PLC,PLC_ROL_01,OPG,Observación sintética tipo Observación Preventiva de Gestión,Acción sintética registrada.
OBS_000189,2024-12-27,7,Viernes,T1D,STM,PLC_ROL_02,OPG,Observación sintética tipo Observación Preventiva de Gestión,Acción sintética registrada.
OBS_000190,2024-12-27,7,Viernes,T1D,MRA,STM_ROL_01,OPG,Observación sintética tipo Observación Preventiva de Gestión,Acción sintética registrada.
OBS_000191,2024-12-27,7,Viernes,T1D,STM,CHP_ROL_01,OPG,Observación sintética tipo Observación Preventiva de Gestión,Acción sintética registrada.
OBS_000192,2024-12-28,7,Sábado,T1D,TME,STM_ROL_01,OPG,Observación sintética tipo Observación Preventiva de Gestión,Acción sintética registrada.
OBS_000193,2024-12-28,7,Sábado,T2N,CHP,STM_ROL_02,OPG,Observación sintética tipo Observación Preventiva de Gestión,Acción sintética registrada.
OBS_000194,2024-12-29,7,Domingo,T2N,TME,STM_ROL_01,OPG,Observación sintética tipo Observación Preventiva de Gestión,Acción sintética registrada.
OBS_000195,2024-12-29,7,Domingo,T2N,STM,TME_ROL_01,OPG,Observación sintética tipo Observación Preventiva de Gestión,Acción sintética registrada.
OBS_000196,2024-12-29,7,Domingo,T1D,STM,MRA_ROL_01,OCC,Observación sintética tipo Observación de Condición Crítica,Acción sintética registrada.
OBS_000197,2024-12-30,8,Lunes,T1D,TME,CHP_ROL_02,OPG,Observación sintética tipo Observación Preventiva de Gestión,Acción sintética registrada.
OBS_000198,2024-12-30,8,Lunes,T1D,MRA,MRA_ROL_01,OPG,Observación sintética tipo Observación Preventiva de Gestión,Acción sintética registrada.
OBS_000199,2024-12-30,8,Lunes,T1D,CHP,MRA_ROL_01,OPG,Observación sintética tipo Observación Preventiva de Gestión,Acción sintética registrada.
OBS_000200,2024-12-30,8,Lunes,T1D,CHP,CHP_ROL_01,OCC,Observación sintética tipo Observación de Condición Crítica,Acción sintética registrada.
OBS_000201,2024-12-31,8,Martes,T2N,MRA,PLC_ROL_02,OPG,Observación sintética tipo Observación Preventiva de Gestión,Acción sintética registrada.
OBS_000202,2024-12-31,8,Martes,T1D,STM,TME_ROL_01,OPG,Observación sintética tipo Observación Preventiva de Gestión,Acción sintética registrada.
OBS_000203,2024-12-31,8,Martes,T2N,CHP,PLC_ROL_02,OCC,Observación sintética tipo Observación de Condición Crítica,Acción sintética registrada.
OBS_000204,2025-01-01,8,Miércoles,T1D,CHP,TME_ROL_01,OPG,Observación sintética tipo Observación Preventiva de Gestión,Acción sintética registrada.
OBS_000205,2025-01-01,8,Miércoles,T1D,PLC,MRA_ROL_01,OPG,Observación sintética tipo Observación Preventiva de Gestión,Acción sintética registrada.
OBS_000206,2025-01-01,8,Miércoles,T2N,PLC,STM_ROL_01,OPG,Observación sintética tipo Observación Preventiva de Gestión,Acción sintética registrada.
OBS_000207,2025-01-01,8,Miércoles,T2N,CHP,MRA_ROL_02,OPG,Observación sintética tipo Observación Preventiva de Gestión,Acción sintética registrada.
OBS_000208,2025-01-01,8,Miércoles,T1D,MRA,TME_ROL_01,OPG,Observación sintética tipo Observación Preventiva de Gestión,Acción sintética registrada.
OBS_000209,2025-01-02,8,Jueves,T1D,PLC,MRA_ROL_01,OPG,Observación sintética tipo Observación Preventiva de Gestión,Acción sintética registrada.
OBS_000210,2025-01-02,8,Jueves,T2N,PLC,STM_ROL_01,OPG,Observación sintética tipo Observación Preventiva de Gestión,Acción sintética registrada.
OBS_000211,2025-01-02,8,Jueves,T2N,MRA,PLC_ROL_01,OPG,Observación sintética tipo Observación Preventiva de Gestión,Acción sintética registrada.
OBS_000212,2025-01-03,8,Viernes,T2N,MRA,STM_ROL_01,OPG,Observación sintética tipo Observación Preventiva de Gestión,Acción sintética registrada.
OBS_000213,2025-01-03,8,Viernes,T2N,MRA,STM_ROL_01,OPG,Observación sintética tipo Observación Preventiva de Gestión,Acción sintética registrada.
OBS_000214,2025-01-04,8,Sábado,T2N,STM,CHP_ROL_01,OPG,Observación sintética tipo Observación Preventiva de Gestión,Acción sintética registrada.
OBS_000215,2025-01-04,8,Sábado,T2N,CHP,PLC_ROL_01,OPG,Observación sintética tipo Observación Preventiva de Gestión,Acción sintética registrada.
OBS_000216,2025-01-04,8,Sábado,T2N,PLC,PLC_ROL_01,OPG,Observación sintética tipo Observación Preventiva de Gestión,Acción sintética registrada.
OBS_000217,2025-01-04,8,Sábado,T2N,STM,STM_ROL_01,OPG,Observación sintética tipo Observación Preventiva de Gestión,Acción sintética registrada.
OBS_000218,2025-01-04,8,Sábado,T2N,TME,CHP_ROL_02,OPG,Observación sintética tipo Observación Preventiva de Gestión,Acción sintética registrada.
OBS_000219,2025-01-04,8,Sábado,T1D,TME,STM_ROL_02,OPG,Observación sintética tipo Observación Preventiva de Gestión,Acción sintética registrada.
OBS_000220,2025-01-04,8,Sábado,T1D,STM,PLC_ROL_02,OPG,Observación sintética tipo Observación Preventiva de Gestión,Acción sintética registrada.
OBS_000221,2025-01-05,8,Domingo,T2N,TME,MRA_ROL_01,OPG,Observación sintética tipo Observación Preventiva de Gestión,Acción sintética registrada.
OBS_000222,2025-01-05,8,Domingo,T2N,TME,CHP_ROL_01,OPG,Observación sintética tipo Observación Preventiva de Gestión,Acción sintética registrada.
OBS_000223,2025-01-06,9,Lunes,T2N,CHP,TME_ROL_02,OPG,Observación sintética tipo Observación Preventiva de Gestión,Acción sintética registrada.
OBS_000224,2025-01-06,9,Lunes,T2N,TME,TME_ROL_01,OCC,Observación sintética tipo Observación de Condición Crítica,Acción sintética registrada.
OBS_000225,2025-01-06,9,Lunes,T2N,PLC,MRA_ROL_01,OCC,Observación sintética tipo Observación de Condición Crítica,Acción sintética registrada.
OBS_000226,2025-01-07,9,Martes,T1D,MRA,CHP_ROL_02,OPG,Observación sintética tipo Observación Preventiva de Gestión,Acción sintética registrada.
OBS_000227,2025-01-07,9,Martes,T2N,STM,PLC_ROL_01,OPG,Observación sintética tipo Observación Preventiva de Gestión,Acción sintética registrada.
OBS_000228,2025-01-08,9,Miércoles,T1D,STM,STM_ROL_02,OPG,Observación sintética tipo Observación Preventiva de Gestión,Acción sintética registrada.
OBS_000229,2025-01-08,9,Miércoles,T2N,MRA,MRA_ROL_02,OPG,Observación sintética tipo Observación Preventiva de Gestión,Acción sintética registrada.
OBS_000230,2025-01-08,9,Miércoles,T2N,CHP,STM_ROL_01,OPG,Observación sintética tipo Observación Preventiva de Gestión,Acción sintética registrada.
OBS_000231,2025-01-08,9,Miércoles,T1D,TME,PLC_ROL_02,OPG,Observación sintética tipo Observación Preventiva de Gestión,Acción sintética registrada.
OBS_000232,2025-01-09,9,Jueves,T2N,STM,PLC_ROL_01,OPG,Observación sintética tipo Observación Preventiva de Gestión,Acción sintética registrada.
OBS_000233,2025-01-09,9,Jueves,T2N,STM,PLC_ROL_01,OPG,Observación sintética tipo Observación Preventiva de Gestión,Acción sintética registrada.
OBS_000234,2025-01-09,9,Jueves,T2N,TME,STM_ROL_02,OPG,Observación sintética tipo Observación Preventiva de Gestión,Acción sintética registrada.
OBS_000235,2025-01-09,9,Jueves,T2N,TME,TME_ROL_01,OPG,Observación sintética tipo Observación Preventiva de Gestión,Acción sintética registrada.
OBS_000236,2025-01-09,9,Jueves,T1D,MRA,CHP_ROL_02,OPG,Observación sintética tipo Observación Preventiva de Gestión,Acción sintética registrada.
OBS_000237,2025-01-09,9,Jueves,T2N,MRA,PLC_ROL_01,OCC,Observación sintética tipo Observación de Condición Crítica,Acción sintética registrada.
OBS_000238,2025-01-10,9,Viernes,T1D,CHP,CHP_ROL_02,OPG,Observación sintética tipo Observación Preventiva de Gestión,Acción sintética registrada.
OBS_000239,2025-01-10,9,Viernes,T2N,TME,PLC_ROL_02,OPG,Observación sintética tipo Observación Preventiva de Gestión,Acción sintética registrada.
OBS_000240,2025-01-10,9,Viernes,T2N,MRA,CHP_ROL_02,OPG,Observación sintética tipo Observación Preventiva de Gestión,Acción sintética registrada.
OBS_000241,2025-01-10,9,Viernes,T2N,CHP,TME_ROL_02,OPG,Observación sintética tipo Observación Preventiva de Gestión,Acción sintética registrada.
OBS_000242,2025-01-10,9,Viernes,T1D,TME,MRA_ROL_01,OPG,Observación sintética tipo Observación Preventiva de Gestión,Acción sintética registrada.
OBS_000243,2025-01-10,9,Viernes,T1D,TME,MRA_ROL_01,OPG,Observación sintética tipo Observación Preventiva de Gestión,Acción sintética registrada.
OBS_000244,2025-01-10,9,Viernes,T1D,PLC,TME_ROL_01,OCC,Observación sintética tipo Observación de Condición Crítica,Acción sintética registrada.
OBS_000245,2025-01-11,9,Sábado,T1D,STM,MRA_ROL_02,OPG,Observación sintética tipo Observación Preventiva de Gestión,Acción sintética registrada.
OBS_000246,2025-01-11,9,Sábado,T1D,PLC,TME_ROL_01,OPG,Observación sintética tipo Observación Preventiva de Gestión,Acción sintética registrada.
OBS_000247,2025-01-11,9,Sábado,T2N,STM,STM_ROL_02,OPG,Observación sintética tipo Observación Preventiva de Gestión,Acción sintética registrada.
OBS_000248,2025-01-13,10,Lunes,T2N,CHP,MRA_ROL_01,OPG,Observación sintética tipo Observación Preventiva de Gestión,Acción sintética registrada.
OBS_000249,2025-01-13,10,Lunes,T2N,STM,MRA_ROL_02,OPG,Observación sintética tipo Observación Preventiva de Gestión,Acción sintética registrada.
OBS_000250,2025-01-13,10,Lunes,T1D,STM,STM_ROL_02,OPG,Observación sintética tipo Observación Preventiva de Gestión,Acción sintética registrada.
OBS_000251,2025-01-13,10,Lunes,T1D,PLC,MRA_ROL_01,OPG,Observación sintética tipo Observación Preventiva de Gestión,Acción sintética registrada.
OBS_000252,2025-01-13,10,Lunes,T1D,CHP,PLC_ROL_02,OCC,Observación sintética tipo Observación de Condición Crítica,Acción sintética registrada.
OBS_000253,2025-01-14,10,Martes,T2N,MRA,CHP_ROL_02,OPG,Observación sintética tipo Observación Preventiva de Gestión,Acción sintética registrada.
OBS_000254,2025-01-14,10,Martes,T1D,PLC,STM_ROL_01,OPG,Observación sintética tipo Observación Preventiva de Gestión,Acción sintética registrada.
OBS_000255,2025-01-14,10,Martes,T1D,PLC,STM_ROL_01,OPG,Observación sintética tipo Observación Preventiva de Gestión,Acción sintética registrada.
OBS_000256,2025-01-14,10,Martes,T2N,STM,TME_ROL_01,OPG,Observación sintética tipo Observación Preventiva de Gestión,Acción sintética registrada.
OBS_000257,2025-01-14,10,Martes,T2N,TME,PLC_ROL_02,OPG,Observación sintética tipo Observación Preventiva de Gestión,Acción sintética registrada.
OBS_000258,2025-01-14,10,Martes,T1D,PLC,MRA_ROL_02,OPG,Observación sintética tipo Observación Preventiva de Gestión,Acción sintética registrada.
OBS_000259,2025-01-15,10,Miércoles,T1D,CHP,TME_ROL_01,OPG,Observación sintética tipo Observación Preventiva de Gestión,Acción sintética registrada.
OBS_000260,2025-01-15,10,Miércoles,T1D,CHP,CHP_ROL_02,OPG,Observación sintética tipo Observación Preventiva de Gestión,Acción sintética registrada.
OBS_000261,2025-01-15,10,Miércoles,T1D,PLC,MRA_ROL_02,OPG,Observación sintética tipo Observación Preventiva de Gestión,Acción sintética registrada.
OBS_000262,2025-01-15,10,Miércoles,T1D,MRA,STM_ROL_01,OPG,Observación sintética tipo Observación Preventiva de Gestión,Acción sintética registrada.
OBS_000263,2025-01-15,10,Miércoles,T2N,PLC,STM_ROL_02,OPG,Observación sintética tipo Observación Preventiva de Gestión,Acción sintética registrada.
OBS_000264,2025-01-15,10,Miércoles,T2N,MRA,CHP_ROL_02,OPG,Observación sintética tipo Observación Preventiva de Gestión,Acción sintética registrada.
OBS_000265,2025-01-15,10,Miércoles,T2N,TME,STM_ROL_02,OPG,Observación sintética tipo Observación Preventiva de Gestión,Acción sintética registrada.
OBS_000266,2025-01-15,10,Miércoles,T1D,CHP,TME_ROL_01,OPG,Observación sintética tipo Observación Preventiva de Gestión,Acción sintética registrada.
OBS_000267,2025-01-15,10,Miércoles,T1D,STM,MRA_ROL_02,OPG,Observación sintética tipo Observación Preventiva de Gestión,Acción sintética registrada.
OBS_000268,2025-01-15,10,Miércoles,T1D,CHP,TME_ROL_01,OCC,Observación sintética tipo Observación de Condición Crítica,Acción sintética registrada.
OBS_000269,2025-01-16,10,Jueves,T1D,MRA,MRA_ROL_01,OPG,Observación sintética tipo Observación Preventiva de Gestión,Acción sintética registrada.
OBS_000270,2025-01-16,10,Jueves,T1D,TME,PLC_ROL_02,OPG,Observación sintética tipo Observación Preventiva de Gestión,Acción sintética registrada.
OBS_000271,2025-01-16,10,Jueves,T2N,STM,MRA_ROL_02,OPG,Observación sintética tipo Observación Preventiva de Gestión,Acción sintética registrada.
OBS_000272,2025-01-16,10,Jueves,T2N,TME,STM_ROL_01,OPG,Observación sintética tipo Observación Preventiva de Gestión,Acción sintética registrada.
OBS_000273,2025-01-16,10,Jueves,T2N,PLC,PLC_ROL_01,OPG,Observación sintética tipo Observación Preventiva de Gestión,Acción sintética registrada.
OBS_000274,2025-01-16,10,Jueves,T2N,STM,MRA_ROL_02,OPG,Observación sintética tipo Observación Preventiva de Gestión,Acción sintética registrada.
OBS_000275,2025-01-17,10,Viernes,T1D,STM,TME_ROL_02,OPG,Observación sintética tipo Observación Preventiva de Gestión,Acción sintética registrada.
OBS_000276,2025-01-17,10,Viernes,T2N,MRA,MRA_ROL_02,OPG,Observación sintética tipo Observación Preventiva de Gestión,Acción sintética registrada.
OBS_000277,2025-01-17,10,Viernes,T1D,PLC,PLC_ROL_02,OPG,Observación sintética tipo Observación Preventiva de Gestión,Acción sintética registrada.
OBS_000278,2025-01-17,10,Viernes,T1D,TME,PLC_ROL_02,OPG,Observación sintética tipo Observación Preventiva de Gestión,Acción sintética registrada.
OBS_000279,2025-01-17,10,Viernes,T1D,CHP,STM_ROL_02,OPG,Observación sintética tipo Observación Preventiva de Gestión,Acción sintética registrada.
OBS_000280,2025-01-17,10,Viernes,T2N,TME,CHP_ROL_01,OPG,Observación sintética tipo Observación Preventiva de Gestión,Acción sintética registrada.
OBS_000281,2025-01-18,10,Sábado,T2N,STM,MRA_ROL_02,OPG,Observación sintética tipo Observación Preventiva de Gestión,Acción sintética registrada.
OBS_000282,2025-01-18,10,Sábado,T2N,TME,STM_ROL_01,OPG,Observación sintética tipo Observación Preventiva de Gestión,Acción sintética registrada.
OBS_000283,2025-01-18,10,Sábado,T2N,TME,MRA_ROL_02,OPG,Observación sintética tipo Observación Preventiva de Gestión,Acción sintética registrada.
OBS_000284,2025-01-18,10,Sábado,T1D,TME,STM_ROL_01,OPG,Observación sintética tipo Observación Preventiva de Gestión,Acción sintética registrada.
OBS_000285,2025-01-18,10,Sábado,T2N,TME,STM_ROL_01,OPG,Observación sintética tipo Observación Preventiva de Gestión,Acción sintética registrada.
OBS_000286,2025-01-18,10,Sábado,T1D,STM,MRA_ROL_02,OPG,Observación sintética tipo Observación Preventiva de Gestión,Acción sintética registrada.
OBS_000287,2025-01-19,10,Domingo,T2N,TME,TME_ROL_02,OPG,Observación sintética tipo Observación Preventiva de Gestión,Acción sintética registrada.
OBS_000288,2025-01-19,10,Domingo,T1D,STM,PLC_ROL_01,OPG,Observación sintética tipo Observación Preventiva de Gestión,Acción sintética registrada.
OBS_000289,2025-01-19,10,Domingo,T1D,PLC,STM_ROL_02,OPG,Observación sintética tipo Observación Preventiva de Gestión,Acción sintética registrada.
OBS_000290,2025-01-19,10,Domingo,T2N,MRA,CHP_ROL_02,OPG,Observación sintética tipo Observación Preventiva de Gestión,Acción sintética registrada.
OBS_000291,2025-01-20,11,Lunes,T2N,PLC,STM_ROL_02,OPG,Observación sintética tipo Observación Preventiva de Gestión,Acción sintética registrada.
OBS_000292,2025-01-20,11,Lunes,T2N,MRA,CHP_ROL_02,OPG,Observación sintética tipo Observación Preventiva de Gestión,Acción sintética registrada.
OBS_000293,2025-01-20,11,Lunes,T2N,PLC,CHP_ROL_01,OPG,Observación sintética tipo Observación Preventiva de Gestión,Acción sintética registrada.
OBS_000294,2025-01-21,11,Martes,T2N,STM,STM_ROL_02,OPG,Observación sintética tipo Observación Preventiva de Gestión,Acción sintética registrada.
OBS_000295,2025-01-21,11,Martes,T1D,MRA,PLC_ROL_02,OPG,Observación sintética tipo Observación Preventiva de Gestión,Acción sintética registrada.
OBS_000296,2025-01-21,11,Martes,T1D,CHP,TME_ROL_01,OPG,Observación sintética tipo Observación Preventiva de Gestión,Acción sintética registrada.
OBS_000297,2025-01-21,11,Martes,T1D,PLC,STM_ROL_01,OPG,Observación sintética tipo Observación Preventiva de Gestión,Acción sintética registrada.
OBS_000298,2025-01-22,11,Miércoles,T1D,CHP,MRA_ROL_02,OPG,Observación sintética tipo Observación Preventiva de Gestión,Acción sintética registrada.
OBS_000299,2025-01-22,11,Miércoles,T2N,MRA,CHP_ROL_01,OPG,Observación sintética tipo Observación Preventiva de Gestión,Acción sintética registrada.
OBS_000300,2025-01-22,11,Miércoles,T2N,TME,PLC_ROL_01,OPG,Observación sintética tipo Observación Preventiva de Gestión,Acción sintética registrada.
OBS_000301,2025-01-22,11,Miércoles,T2N,STM,STM_ROL_02,OPG,Observación sintética tipo Observación Preventiva de Gestión,Acción sintética registrada.
OBS_000302,2025-01-22,11,Miércoles,T2N,CHP,STM_ROL_02,OPG,Observación sintética tipo Observación Preventiva de Gestión,Acción sintética registrada.
OBS_000303,2025-01-22,11,Miércoles,T1D,STM,CHP_ROL_02,OPG,Observación sintética tipo Observación Preventiva de Gestión,Acción sintética registrada.
OBS_000304,2025-01-22,11,Miércoles,T1D,MRA,TME_ROL_01,OPG,Observación sintética tipo Observación Preventiva de Gestión,Acción sintética registrada.
OBS_000305,2025-01-22,11,Miércoles,T2N,TME,PLC_ROL_01,OPG,Observación sintética tipo Observación Preventiva de Gestión,Acción sintética registrada.
OBS_000306,2025-01-22,11,Miércoles,T2N,MRA,TME_ROL_01,OCC,Observación sintética tipo Observación de Condición Crítica,Acción sintética registrada.
OBS_000307,2025-01-23,11,Jueves,T2N,PLC,PLC_ROL_02,OPG,Observación sintética tipo Observación Preventiva de Gestión,Acción sintética registrada.
OBS_000308,2025-01-23,11,Jueves,T2N,CHP,STM_ROL_02,OPG,Observación sintética tipo Observación Preventiva de Gestión,Acción sintética registrada.
OBS_000309,2025-01-23,11,Jueves,T2N,TME,TME_ROL_02,OPG,Observación sintética tipo Observación Preventiva de Gestión,Acción sintética registrada.
OBS_000310,2025-01-23,11,Jueves,T2N,STM,TME_ROL_02,OPG,Observación sintética tipo Observación Preventiva de Gestión,Acción sintética registrada.
OBS_000311,2025-01-24,11,Viernes,T1D,CHP,PLC_ROL_02,OPG,Observación sintética tipo Observación Preventiva de Gestión,Acción sintética registrada.
OBS_000312,2025-01-25,11,Sábado,T2N,CHP,STM_ROL_01,OPG,Observación sintética tipo Observación Preventiva de Gestión,Acción sintética registrada.
OBS_000313,2025-01-25,11,Sábado,T1D,TME,STM_ROL_02,OPG,Observación sintética tipo Observación Preventiva de Gestión,Acción sintética registrada.
OBS_000314,2025-01-25,11,Sábado,T2N,STM,CHP_ROL_01,OPG,Observación sintética tipo Observación Preventiva de Gestión,Acción sintética registrada.
OBS_000315,2025-01-25,11,Sábado,T2N,MRA,CHP_ROL_01,OPG,Observación sintética tipo Observación Preventiva de Gestión,Acción sintética registrada.
OBS_000316,2025-01-25,11,Sábado,T2N,MRA,STM_ROL_02,OPG,Observación sintética tipo Observación Preventiva de Gestión,Acción sintética registrada.
OBS_000317,2025-01-25,11,Sábado,T1D,PLC,STM_ROL_02,OPG,Observación sintética tipo Observación Preventiva de Gestión,Acción sintética registrada.
OBS_000318,2025-01-25,11,Sábado,T1D,CHP,STM_ROL_01,OPG,Observación sintética tipo Observación Preventiva de Gestión,Acción sintética registrada.
OBS_000319,2025-01-25,11,Sábado,T1D,MRA,STM_ROL_02,OCC,Observación sintética tipo Observación de Condición Crítica,Acción sintética registrada.
OBS_000320,2025-01-26,11,Domingo,T2N,TME,PLC_ROL_02,OPG,Observación sintética tipo Observación Preventiva de Gestión,Acción sintética registrada.
OBS_000321,2025-01-26,11,Domingo,T2N,MRA,TME_ROL_02,OPG,Observación sintética tipo Observación Preventiva de Gestión,Acción sintética registrada.
OBS_000322,2025-01-26,11,Domingo,T2N,TME,STM_ROL_02,OPG,Observación sintética tipo Observación Preventiva de Gestión,Acción sintética registrada.
OBS_000323,2025-01-26,11,Domingo,T1D,PLC,MRA_ROL_02,OPG,Observación sintética tipo Observación Preventiva de Gestión,Acción sintética registrada.
OBS_000324,2025-01-26,11,Domingo,T1D,TME,CHP_ROL_02,OPG,Observación sintética tipo Observación Preventiva de Gestión,Acción sintética registrada.
OBS_000325,2025-01-27,12,Lunes,T1D,STM,MRA_ROL_02,OPG,Observación sintética tipo Observación Preventiva de Gestión,Acción sintética registrada.
OBS_000326,2025-01-27,12,Lunes,T1D,STM,CHP_ROL_01,OPG,Observación sintética tipo Observación Preventiva de Gestión,Acción sintética registrada.
OBS_000327,2025-01-27,12,Lunes,T2N,MRA,MRA_ROL_01,OPG,Observación sintética tipo Observación Preventiva de Gestión,Acción sintética registrada.
OBS_000328,2025-01-27,12,Lunes,T2N,MRA,TME_ROL_01,OPG,Observación sintética tipo Observación Preventiva de Gestión,Acción sintética registrada.
OBS_000329,2025-01-27,12,Lunes,T2N,TME,STM_ROL_01,OPG,Observación sintética tipo Observación Preventiva de Gestión,Acción sintética registrada.
OBS_000330,2025-01-27,12,Lunes,T1D,CHP,PLC_ROL_01,OPG,Observación sintética tipo Observación Preventiva de Gestión,Acción sintética registrada.
OBS_000331,2025-01-27,12,Lunes,T2N,PLC,CHP_ROL_01,OPG,Observación sintética tipo Observación Preventiva de Gestión,Acción sintética registrada.
OBS_000332,2025-01-27,12,Lunes,T1D,CHP,MRA_ROL_02,OPG,Observación sintética tipo Observación Preventiva de Gestión,Acción sintética registrada.
OBS_000333,2025-01-28,12,Martes,T2N,PLC,CHP_ROL_02,OPG,Observación sintética tipo Observación Preventiva de Gestión,Acción sintética registrada.
OBS_000334,2025-01-28,12,Martes,T2N,PLC,CHP_ROL_01,OPG,Observación sintética tipo Observación Preventiva de Gestión,Acción sintética registrada.
OBS_000335,2025-01-28,12,Martes,T1D,STM,TME_ROL_01,OPG,Observación sintética tipo Observación Preventiva de Gestión,Acción sintética registrada.
OBS_000336,2025-01-28,12,Martes,T2N,TME,MRA_ROL_01,OPG,Observación sintética tipo Observación Preventiva de Gestión,Acción sintética registrada.
OBS_000337,2025-01-28,12,Martes,T2N,TME,PLC_ROL_01,OPG,Observación sintética tipo Observación Preventiva de Gestión,Acción sintética registrada.
OBS_000338,2025-01-29,12,Miércoles,T1D,MRA,STM_ROL_02,OPG,Observación sintética tipo Observación Preventiva de Gestión,Acción sintética registrada.
OBS_000339,2025-01-29,12,Miércoles,T2N,PLC,TME_ROL_01,OPG,Observación sintética tipo Observación Preventiva de Gestión,Acción sintética registrada.
OBS_000340,2025-01-29,12,Miércoles,T2N,TME,STM_ROL_02,OCC,Observación sintética tipo Observación de Condición Crítica,Acción sintética registrada.
OBS_000341,2025-01-29,12,Miércoles,T2N,CHP,STM_ROL_01,OCC,Observación sintética tipo Observación de Condición Crítica,Acción sintética registrada.
OBS_000342,2025-01-29,12,Miércoles,T2N,MRA,CHP_ROL_02,OCC,Observación sintética tipo Observación de Condición Crítica,Acción sintética registrada.
OBS_000343,2025-01-30,12,Jueves,T2N,PLC,TME_ROL_02,OPG,Observación sintética tipo Observación Preventiva de Gestión,Acción sintética registrada.
OBS_000344,2025-01-30,12,Jueves,T2N,TME,MRA_ROL_01,OPG,Observación sintética tipo Observación Preventiva de Gestión,Acción sintética registrada.
OBS_000345,2025-01-30,12,Jueves,T2N,TME,MRA_ROL_01,OPG,Observación sintética tipo Observación Preventiva de Gestión,Acción sintética registrada.
OBS_000346,2025-01-30,12,Jueves,T1D,PLC,STM_ROL_02,OPG,Observación sintética tipo Observación Preventiva de Gestión,Acción sintética registrada.
OBS_000347,2025-01-30,12,Jueves,T2N,CHP,PLC_ROL_02,OPG,Observación sintética tipo Observación Preventiva de Gestión,Acción sintética registrada.
OBS_000348,2025-01-30,12,Jueves,T2N,CHP,CHP_ROL_02,OPG,Observación sintética tipo Observación Preventiva de Gestión,Acción sintética registrada.
OBS_000349,2025-01-30,12,Jueves,T2N,CHP,MRA_ROL_02,OPG,Observación sintética tipo Observación Preventiva de Gestión,Acción sintética registrada.
OBS_000350,2025-01-30,12,Jueves,T1D,TME,STM_ROL_02,OCC,Observación sintética tipo Observación de Condición Crítica,Acción sintética registrada.
OBS_000351,2025-01-31,12,Viernes,T1D,PLC,TME_ROL_02,OPG,Observación sintética tipo Observación Preventiva de Gestión,Acción sintética registrada.
OBS_000352,2025-01-31,12,Viernes,T1D,MRA,TME_ROL_01,OPG,Observación sintética tipo Observación Preventiva de Gestión,Acción sintética registrada.
OBS_000353,2025-01-31,12,Viernes,T2N,STM,CHP_ROL_01,OPG,Observación sintética tipo Observación Preventiva de Gestión,Acción sintética registrada.
OBS_000354,2025-02-01,12,Sábado,T1D,CHP,PLC_ROL_01,OPG,Observación sintética tipo Observación Preventiva de Gestión,Acción sintética registrada.
OBS_000355,2025-02-01,12,Sábado,T2N,PLC,PLC_ROL_01,OPG,Observación sintética tipo Observación Preventiva de Gestión,Acción sintética registrada.
OBS_000356,2025-02-01,12,Sábado,T2N,CHP,TME_ROL_01,OPG,Observación sintética tipo Observación Preventiva de Gestión,Acción sintética registrada.
OBS_000357,2025-02-01,12,Sábado,T2N,TME,TME_ROL_02,OPG,Observación sintética tipo Observación Preventiva de Gestión,Acción sintética registrada.
OBS_000358,2025-02-01,12,Sábado,T1D,STM,MRA_ROL_02,OPG,Observación sintética tipo Observación Preventiva de Gestión,Acción sintética registrada.
OBS_000359,2025-02-01,12,Sábado,T1D,CHP,STM_ROL_01,OPG,Observación sintética tipo Observación Preventiva de Gestión,Acción sintética registrada.
OBS_000360,2025-02-01,12,Sábado,T2N,MRA,STM_ROL_01,OPG,Observación sintética tipo Observación Preventiva de Gestión,Acción sintética registrada.
OBS_000361,2025-02-02,12,Domingo,T1D,TME,PLC_ROL_01,OPG,Observación sintética tipo Observación Preventiva de Gestión,Acción sintética registrada.
OBS_000362,2025-02-02,12,Domingo,T1D,STM,TME_ROL_02,OPG,Observación sintética tipo Observación Preventiva de Gestión,Acción sintética registrada.
OBS_000363,2025-02-02,12,Domingo,T2N,PLC,STM_ROL_01,OCC,Observación sintética tipo Observación de Condición Crítica,Acción sintética registrada.
OBS_000364,2025-02-02,12,Domingo,T2N,MRA,CHP_ROL_02,OCC,Observación sintética tipo Observación de Condición Crítica,Acción sintética registrada.
OBS_000365,2025-02-02,12,Domingo,T2N,MRA,PLC_ROL_02,OCC,Observación sintética tipo Observación de Condición Crítica,Acción sintética registrada.
OBS_000366,2025-02-02,12,Domingo,T2N,PLC,CHP_ROL_02,OCC,Observación sintética tipo Observación de Condición Crítica,Acción sintética registrada.
