id_observacion,fecha,semana,id_area,rol_observador_id,rol_observado_id,tarea_id,tipo_observacion,estado,riesgo_id,is_control_critico,control_critico_id
OBS_000004,2024-11-11,1,CHP,CHP_ROL_06,CHP_ROL_06,CHP_TA_017,OPG,OPG+,,False,
OBS_000001,2024-11-11,1,MRA,MRA_ROL_07,MRA_ROL_07,MRA_TA_016,OPG,OPG+,,False,
OBS_000002,2024-11-11,1,MRA,MRA_ROL_06,MRA_ROL_06,MRA_TA_020,OPG,OPG+,,False,
OBS_000003,2024-11-11,1,MRA,MRA_ROL_06,MRA_ROL_06,MRA_TA_012,OPG,OPG+,,False,
OBS_000005,2024-11-11,1,PLC,PLC_ROL_04,PLC_ROL_04,PLC_TA_015,OPG,OPG+,,False,
OBS_000006,2024-11-11,1,PLC,PLC_ROL_08,PLC_ROL_08,PLC_TA_008,OPG,OPG+,,False,
OBS_000007,2024-11-11,1,STM,STM_ROL_05,STM_ROL_05,STM_TA_013,OPG,OPG+,,False,
OBS_000945,2024-11-11,1,STM,STM_ROL_04,STM_ROL_02,STM_TA_016,OCC,OCC+,R02,True,R02CC02
OBS_000008,2024-11-11,1,TME,TME_ROL_04,TME_ROL_04,TME_TA_006,OPG,OPG+,,False,
OBS_000009,2024-11-11,1,TME,TME_ROL_06,TME_ROL_06,TME_TA_007,OPG,OPG+,,False,
OBS_000013,2024-11-12,1,CHP,CHP_ROL_04,CHP_ROL_04,CHP_TA_019,OPG,OPG+,,False,
OBS_000010,2024-11-12,1,MRA,MRA_ROL_08,MRA_ROL_08,MRA_TA_016,OPG,OPG+,,False,
OBS_000011,2024-11-12,1,MRA,MRA_ROL_08,MRA_ROL_08,MRA_TA_001,OPG,OPG+,,False,
OBS_000012,2024-11-12,1,MRA,MRA_ROL_07,MRA_ROL_07,MRA_TA_017,OPG,OPG+,,False,
OBS_000934,2024-11-12,1,MRA,MRA_ROL_08,MRA_ROL_02,MRA_TA_022,OCC,OCC+,R01,True,R01CC06
OBS_000946,2024-11-12,1,MRA,MRA_ROL_08,MRA_ROL_05,MRA_TA_002,OCC,OCC+,R02,True,R02CM01
OBS_000014,2024-11-12,1,PLC,PLC_ROL_05,PLC_ROL_05,PLC_TA_016,OPG,OPG+,,False,
OBS_000015,2024-11-12,1,STM,STM_ROL_08,STM_ROL_08,STM_TA_010,OPG,OPG+,,False,
OBS_000016,2024-11-12,1,STM,STM_ROL_02,STM_ROL_02,STM_TA_014,OPG,OPG+,,False,
OBS_000017,2024-11-12,1,STM,STM_ROL_05,STM_ROL_05,STM_TA_012,OPG,OPG+,,False,
OBS_000936,2024-11-12,1,STM,STM_ROL_08,STM_ROL_04,STM_TA_011,OCC,OCC-,R01,True,R01CC05
OBS_000018,2024-11-12,1,TME,TME_ROL_01,TME_ROL_01,TME_TA_013,OPG,OPG-,,False,
OBS_000019,2024-11-12,1,TME,TME_ROL_04,TME_ROL_04,TME_TA_012,OPG,OPG+,,False,
OBS_000944,2024-11-12,1,TME,TME_ROL_02,TME_ROL_02,TME_TA_003,OCC,OCC+,R02,True,R02CP05
OBS_000022,2024-11-13,1,CHP,CHP_ROL_03,CHP_ROL_03,CHP_TA_004,OPG,OPG+,,False,
OBS_000947,2024-11-13,1,CHP,CHP_ROL_04,CHP_ROL_08,CHP_TA_003,OCC,OCC-,R03,True,R03CC01
OBS_000020,2024-11-13,1,MRA,MRA_ROL_07,MRA_ROL_07,MRA_TA_017,OPG,OPG+,,False,
OBS_000021,2024-11-13,1,MRA,MRA_ROL_05,MRA_ROL_05,MRA_TA_020,OPG,OPG+,,False,
OBS_000023,2024-11-13,1,PLC,PLC_ROL_09,PLC_ROL_09,PLC_TA_012,OPG,OPG+,,False,
OBS_000024,2024-11-13,1,PLC,PLC_ROL_04,PLC_ROL_04,PLC_TA_017,OPG,OPG+,,False,
OBS_000940,2024-11-13,1,PLC,PLC_ROL_02,PLC_ROL_09,PLC_TA_005,OCC,OCC+,R01,True,R01CC06
OBS_000025,2024-11-13,1,STM,STM_ROL_01,STM_ROL_01,STM_TA_002,OPG,OPG+,,False,
OBS_000938,2024-11-13,1,STM,STM_ROL_08,STM_ROL_08,STM_TA_018,OCC,OCC+,R01,True,R01CC02
OBS_000026,2024-11-13,1,TME,TME_ROL_08,TME_ROL_08,TME_TA_015,OPG,OPG+,,False,
OBS_000027,2024-11-13,1,TME,TME_ROL_03,TME_ROL_03,TME_TA_011,OPG,OPG+,,False,
OBS_000939,2024-11-13,1,TME,TME_ROL_06,TME_ROL_06,TME_TA_015,OCC,OCC+,R01,True,R01CC06
OBS_000031,2024-11-14,1,CHP,CHP_ROL_06,CHP_ROL_06,CHP_TA_011,OPG,OPG+,,False,
OBS_000028,2024-11-14,1,MRA,MRA_ROL_03,MRA_ROL_03,MRA_TA_013,OPG,OPG+,,False,
OBS_000029,2024-11-14,1,MRA,MRA_ROL_05,MRA_ROL_05,MRA_TA_019,OPG,OPG+,,False,
OBS_000030,2024-11-14,1,MRA,MRA_ROL_08,MRA_ROL_08,MRA_TA_019,OPG,OPG+,,False,
OBS_000941,2024-11-14,1,MRA,MRA_ROL_08,MRA_ROL_01,MRA_TA_021,OCC,OCC+,R01,True,R01CP06
OBS_000032,2024-11-14,1,PLC,PLC_ROL_10,PLC_ROL_10,PLC_TA_010,OPG,OPG+,,False,
OBS_000033,2024-11-14,1,PLC,PLC_ROL_12,PLC_ROL_12,PLC_TA_001,OPG,OPG+,,False,
OBS_000948,2024-11-14,1,PLC,PLC_ROL_06,PLC_ROL_12,PLC_TA_002,OCC,OCC+,R03,True,R03CM02
OBS_000034,2024-11-14,1,STM,STM_ROL_04,STM_ROL_04,STM_TA_002,OPG,OPG+,,False,
OBS_000035,2024-11-14,1,STM,STM_ROL_03,STM_ROL_03,STM_TA_017,OPG,OPG+,,False,
OBS_000036,2024-11-14,1,TME,TME_ROL_07,TME_ROL_07,TME_TA_005,OPG,OPG+,,False,
OBS_000037,2024-11-14,1,TME,TME_ROL_04,TME_ROL_04,TME_TA_002,OPG,OPG+,,False,
OBS_000038,2024-11-14,1,TME,TME_ROL_02,TME_ROL_02,TME_TA_007,OPG,OPG-,,False,
OBS_000042,2024-11-15,1,CHP,CHP_ROL_04,CHP_ROL_04,CHP_TA_018,OPG,OPG+,,False,
OBS_000043,2024-11-15,1,CHP,CHP_ROL_08,CHP_ROL_08,CHP_TA_017,OPG,OPG+,,False,
OBS_000044,2024-11-15,1,CHP,CHP_ROL_03,CHP_ROL_03,CHP_TA_015,OPG,OPG+,,False,
OBS_000942,2024-11-15,1,CHP,CHP_ROL_06,CHP_ROL_04,CHP_TA_011,OCC,OCC+,R02,True,R02CC01
OBS_000039,2024-11-15,1,MRA,MRA_ROL_07,MRA_ROL_07,MRA_TA_005,OPG,OPG+,,False,
OBS_000040,2024-11-15,1,MRA,MRA_ROL_04,MRA_ROL_04,MRA_TA_014,OPG,OPG+,,False,
OBS_000041,2024-11-15,1,MRA,MRA_ROL_08,MRA_ROL_08,MRA_TA_002,OPG,OPG+,,False,
OBS_000935,2024-11-15,1,MRA,MRA_ROL_01,MRA_ROL_06,MRA_TA_021,OCC,OCC-,R01,True,R01CC02
OBS_000045,2024-11-15,1,PLC,PLC_ROL_09,PLC_ROL_09,PLC_TA_012,OPG,OPG+,,False,
OBS_000046,2024-11-15,1,PLC,PLC_ROL_12,PLC_ROL_12,PLC_TA_009,OPG,OPG+,,False,
OBS_000047,2024-11-15,1,STM,STM_ROL_04,STM_ROL_04,STM_TA_009,OPG,OPG+,,False,
OBS_000937,2024-11-15,1,STM,STM_ROL_04,STM_ROL_01,STM_TA_013,OCC,OCC-,R01,True,R01CM03
OBS_000048,2024-11-15,1,TME,TME_ROL_05,TME_ROL_05,TME_TA_010,OPG,OPG+,,False,
OBS_000053,2024-11-16,1,CHP,CHP_ROL_02,CHP_ROL_02,CHP_TA_012,OPG,OPG+,,False,
OBS_000054,2024-11-16,1,CHP,CHP_ROL_05,CHP_ROL_05,CHP_TA_016,OPG,OPG+,,False,
OBS_000055,2024-11-16,1,CHP,CHP_ROL_09,CHP_ROL_09,CHP_TA_009,OPG,OPG+,,False,
OBS_000049,2024-11-16,1,MRA,MRA_ROL_08,MRA_ROL_08,MRA_TA_011,OPG,OPG+,,False,
OBS_000050,2024-11-16,1,MRA,MRA_ROL_05,MRA_ROL_05,MRA_TA_010,OPG,OPG+,,False,
OBS_000051,2024-11-16,1,MRA,MRA_ROL_07,MRA_ROL_07,MRA_TA_013,OPG,OPG+,,False,
OBS_000052,2024-11-16,1,MRA,MRA_ROL_03,MRA_ROL_03,MRA_TA_010,OPG,OPG-,,False,
OBS_000943,2024-11-16,1,MRA,MRA_ROL_04,MRA_ROL_08,MRA_TA_018,OCC,OCC-,R02,True,R02CM01
OBS_000056,2024-11-16,1,PLC,PLC_ROL_05,PLC_ROL_05,PLC_TA_005,OPG,OPG+,,False,
OBS_000057,2024-11-16,1,PLC,PLC_ROL_12,PLC_ROL_12,PLC_TA_019,OPG,OPG+,,False,
OBS_000058,2024-11-16,1,PLC,PLC_ROL_01,PLC_ROL_01,PLC_TA_017,OPG,OPG+,,False,
OBS_000059,2024-11-16,1,STM,STM_ROL_01,STM_ROL_01,STM_TA_004,OPG,OPG+,,False,
OBS_000060,2024-11-16,1,TME,TME_ROL_08,TME_ROL_08,TME_TA_004,OPG,OPG+,,False,
OBS_000061,2024-11-16,1,TME,TME_ROL_03,TME_ROL_03,TME_TA_001,OPG,OPG+,,False,
OBS_000062,2024-11-16,1,TME,TME_ROL_03,TME_ROL_03,TME_TA_014,OPG,OPG+,,False,
OBS_000066,2024-11-17,1,CHP,CHP_ROL_09,CHP_ROL_09,CHP_TA_002,OPG,OPG+,,False,
OBS_000063,2024-11-17,1,MRA,MRA_ROL_08,MRA_ROL_08,MRA_TA_021,OPG,OPG+,,False,
OBS_000064,2024-11-17,1,MRA,MRA_ROL_05,MRA_ROL_05,MRA_TA_011,OPG,OPG+,,False,
OBS_000065,2024-11-17,1,MRA,MRA_ROL_01,MRA_ROL_01,MRA_TA_003,OPG,OPG+,,False,
OBS_000067,2024-11-17,1,PLC,PLC_ROL_07,PLC_ROL_07,PLC_TA_006,OPG,OPG+,,False,
OBS_000068,2024-11-17,1,STM,STM_ROL_07,STM_ROL_07,STM_TA_016,OPG,OPG+,,False,
OBS_000949,2024-11-17,1,STM,STM_ROL_05,STM_ROL_02,STM_TA_007,OCC,OCC+,R03,True,R03CC03
OBS_000069,2024-11-17,1,TME,TME_ROL_05,TME_ROL_05,TME_TA_002,OPG,OPG-,,False,
OBS_000070,2024-11-17,1,TME,TME_ROL_02,TME_ROL_02,TME_TA_011,OPG,OPG+,,False,
OBS_000071,2024-11-17,1,TME,TME_ROL_08,TME_ROL_08,TME_TA_005,OPG,OPG+,,False,
OBS_000075,2024-11-18,2,CHP,CHP_ROL_05,CHP_ROL_05,CHP_TA_019,OPG,OPG+,,False,
OBS_000076,2024-11-18,2,CHP,CHP_ROL_04,CHP_ROL_04,CHP_TA_006,OPG,OPG+,,False,
OBS_000072,2024-11-18,2,MRA,MRA_ROL_05,MRA_ROL_05,MRA_TA_007,OPG,OPG+,,False,
OBS_000073,2024-11-18,2,MRA,MRA_ROL_06,MRA_ROL_06,MRA_TA_006,OPG,OPG+,,False,
OBS_000074,2024-11-18,2,MRA,MRA_ROL_05,MRA_ROL_05,MRA_TA_006,OPG,OPG-,,False,
OBS_000077,2024-11-18,2,PLC,PLC_ROL_07,PLC_ROL_07,PLC_TA_014,OPG,OPG+,,False,
OBS_000078,2024-11-18,2,PLC,PLC_ROL_02,PLC_ROL_02,PLC_TA_013,OPG,OPG+,,False,
OBS_000079,2024-11-18,2,PLC,PLC_ROL_03,PLC_ROL_03,PLC_TA_005,OPG,OPG+,,False,
OBS_000963,2024-11-18,2,PLC,PLC_ROL_06,PLC_ROL_07,PLC_TA_014,OCC,OCC-,R03,True,R03CP05
OBS_000080,2024-11-18,2,STM,STM_ROL_01,STM_ROL_01,STM_TA_009,OPG,OPG+,,False,
OBS_000081,2024-11-18,2,TME,TME_ROL_05,TME_ROL_05,TME_TA_011,OPG,OPG+,,False,
OBS_000082,2024-11-18,2,TME,TME_ROL_01,TME_ROL_01,TME_TA_009,OPG,OPG+,,False,
OBS_000961,2024-11-18,2,TME,TME_ROL_02,TME_ROL_06,TME_TA_016,OCC,OCC+,R02,True,R02CP01
OBS_000087,2024-11-19,2,CHP,CHP_ROL_03,CHP_ROL_03,CHP_TA_016,OPG,OPG+,,False,
OBS_000960,2024-11-19,2,CHP,CHP_ROL_04,CHP_ROL_05,CHP_TA_010,OCC,OCC-,R02,True,R02CP02
OBS_000083,2024-11-19,2,MRA,MRA_ROL_04,MRA_ROL_04,MRA_TA_002,OPG,OPG+,,False,
OBS_000084,2024-11-19,2,MRA,MRA_ROL_08,MRA_ROL_08,MRA_TA_010,OPG,OPG+,,False,
OBS_000085,2024-11-19,2,MRA,MRA_ROL_05,MRA_ROL_05,MRA_TA_004,OPG,OPG+,,False,
OBS_000086,2024-11-19,2,MRA,MRA_ROL_05,MRA_ROL_05,MRA_TA_012,OPG,OPG+,,False,
OBS_000088,2024-11-19,2,PLC,PLC_ROL_10,PLC_ROL_10,PLC_TA_012,OPG,OPG+,,False,
OBS_000089,2024-11-19,2,PLC,PLC_ROL_09,PLC_ROL_09,PLC_TA_016,OPG,OPG+,,False,
OBS_000090,2024-11-19,2,PLC,PLC_ROL_11,PLC_ROL_11,PLC_TA_007,OPG,OPG+,,False,
OBS_000091,2024-11-19,2,STM,STM_ROL_02,STM_ROL_02,STM_TA_017,OPG,OPG+,,False,
OBS_000092,2024-11-19,2,STM,STM_ROL_06,STM_ROL_06,STM_TA_003,OPG,OPG+,,False,
OBS_000093,2024-11-19,2,STM,STM_ROL_02,STM_ROL_02,STM_TA_002,OPG,OPG+,,False,
OBS_000094,2024-11-19,2,TME,TME_ROL_04,TME_ROL_04,TME_TA_005,OPG,OPG+,,False,
OBS_000095,2024-11-19,2,TME,TME_ROL_08,TME_ROL_08,TME_TA_004,OPG,OPG+,,False,
OBS_000096,2024-11-19,2,TME,TME_ROL_08,TME_ROL_08,TME_TA_003,OPG,OPG+,,False,
OBS_000962,2024-11-19,2,TME,TME_ROL_05,TME_ROL_01,TME_TA_013,OCC,OCC-,R02,True,R02CC04
OBS_000100,2024-11-20,2,CHP,CHP_ROL_01,CHP_ROL_01,CHP_TA_013,OPG,OPG+,,False,
OBS_000101,2024-11-20,2,CHP,CHP_ROL_01,CHP_ROL_01,CHP_TA_007,OPG,OPG+,,False,
OBS_000102,2024-11-20,2,CHP,CHP_ROL_01,CHP_ROL_01,CHP_TA_014,OPG,OPG+,,False,
OBS_000097,2024-11-20,2,MRA,MRA_ROL_01,MRA_ROL_01,MRA_TA_015,OPG,OPG+,,False,
OBS_000098,2024-11-20,2,MRA,MRA_ROL_07,MRA_ROL_07,MRA_TA_015,OPG,OPG+,,False,
OBS_000099,2024-11-20,2,MRA,MRA_ROL_08,MRA_ROL_08,MRA_TA_022,OPG,OPG+,,False,
OBS_000103,2024-11-20,2,PLC,PLC_ROL_09,PLC_ROL_09,PLC_TA_002,OPG,OPG+,,False,
OBS_000104,2024-11-20,2,STM,STM_ROL_08,STM_ROL_08,STM_TA_002,OPG,OPG+,,False,
OBS_000105,2024-11-20,2,TME,TME_ROL_03,TME_ROL_03,TME_TA_014,OPG,OPG+,,False,
OBS_000954,2024-11-20,2,TME,TME_ROL_07,TME_ROL_07,TME_TA_011,OCC,OCC-,R01,True,R01CP06
OBS_000109,2024-11-21,2,CHP,CHP_ROL_09,CHP_ROL_09,CHP_TA_005,OPG,OPG+,,False,
OBS_000110,2024-11-21,2,CHP,CHP_ROL_04,CHP_ROL_04,CHP_TA_001,OPG,OPG+,,False,
OBS_000106,2024-11-21,2,MRA,MRA_ROL_08,MRA_ROL_08,MRA_TA_013,OPG,OPG+,,False,
OBS_000107,2024-11-21,2,MRA,MRA_ROL_03,MRA_ROL_03,MRA_TA_021,OPG,OPG+,,False,
OBS_000108,2024-11-21,2,MRA,MRA_ROL_02,MRA_ROL_02,MRA_TA_006,OPG,OPG+,,False,
OBS_000111,2024-11-21,2,PLC,PLC_ROL_08,PLC_ROL_08,PLC_TA_018,OPG,OPG+,,False,
OBS_000112,2024-11-21,2,PLC,PLC_ROL_07,PLC_ROL_07,PLC_TA_008,OPG,OPG+,,False,
OBS_000956,2024-11-21,2,PLC,PLC_ROL_05,PLC_ROL_10,PLC_TA_001,OCC,OCC+,R01,True,R01CC02
OBS_000113,2024-11-21,2,STM,STM_ROL_03,STM_ROL_03,STM_TA_009,OPG,OPG+,,False,
OBS_000114,2024-11-21,2,STM,STM_ROL_02,STM_ROL_02,STM_TA_002,OPG,OPG+,,False,
OBS_000115,2024-11-21,2,TME,TME_ROL_01,TME_ROL_01,TME_TA_008,OPG,OPG+,,False,
OBS_000116,2024-11-21,2,TME,TME_ROL_02,TME_ROL_02,TME_TA_002,OPG,OPG+,,False,
OBS_000121,2024-11-22,2,CHP,CHP_ROL_06,CHP_ROL_06,CHP_TA_019,OPG,OPG+,,False,
OBS_000122,2024-11-22,2,CHP,CHP_ROL_06,CHP_ROL_06,CHP_TA_008,OPG,OPG+,,False,
OBS_000123,2024-11-22,2,CHP,CHP_ROL_03,CHP_ROL_03,CHP_TA_017,OPG,OPG+,,False,
OBS_000953,2024-11-22,2,CHP,CHP_ROL_09,CHP_ROL_08,CHP_TA_012,OCC,OCC+,R01,True,R01CC06
OBS_000117,2024-11-22,2,MRA,MRA_ROL_01,MRA_ROL_01,MRA_TA_008,OPG,OPG+,,False,
OBS_000118,2024-11-22,2,MRA,MRA_ROL_07,MRA_ROL_07,MRA_TA_015,OPG,OPG+,,False,
OBS_000119,2024-11-22,2,MRA,MRA_ROL_04,MRA_ROL_04,MRA_TA_002,OPG,OPG+,,False,
OBS_000120,2024-11-22,2,MRA,MRA_ROL_05,MRA_ROL_05,MRA_TA_008,OPG,OPG+,,False,
OBS_000950,2024-11-22,2,MRA,MRA_ROL_04,MRA_ROL_04,MRA_TA_017,OCC,OCC-,R01,True,R01CM01
OBS_000952,2024-11-22,2,MRA,MRA_ROL_02,MRA_ROL_03,MRA_TA_006,OCC,OCC+,R01,True,R01CM02
OBS_000955,2024-11-22,2,MRA,MRA_ROL_05,MRA_ROL_06,MRA_TA_015,OCC,OCC+,R01,True,R01CM01
OBS_000957,2024-11-22,2,MRA,MRA_ROL_05,MRA_ROL_04,MRA_TA_007,OCC,OCC-,R01,True,R01CC01
OBS_000965,2024-11-22,2,MRA,MRA_ROL_06,MRA_ROL_04,MRA_TA_005,OCC,OCC+,R03,True,R03CC05
OBS_000124,2024-11-22,2,PLC,PLC_ROL_05,PLC_ROL_05,PLC_TA_002,OPG,OPG+,,False,
OBS_000125,2024-11-22,2,PLC,PLC_ROL_10,PLC_ROL_10,PLC_TA_006,OPG,OPG+,,False,
OBS_000959,2024-11-22,2,PLC,PLC_ROL_08,PLC_ROL_06,PLC_TA_005,OCC,OCC+,R02,True,R02CC02
OBS_000126,2024-11-22,2,STM,STM_ROL_08,STM_ROL_08,STM_TA_002,OPG,OPG+,,False,
OBS_000127,2024-11-22,2,STM,STM_ROL_07,STM_ROL_07,STM_TA_017,OPG,OPG+,,False,
OBS_000128,2024-11-22,2,TME,TME_ROL_07,TME_ROL_07,TME_TA_005,OPG,OPG+,,False,
OBS_000129,2024-11-22,2,TME,TME_ROL_03,TME_ROL_03,TME_TA_016,OPG,OPG+,,False,
OBS_000132,2024-11-23,2,CHP,CHP_ROL_09,CHP_ROL_09,CHP_TA_017,OPG,OPG+,,False,
OBS_000133,2024-11-23,2,CHP,CHP_ROL_04,CHP_ROL_04,CHP_TA_009,OPG,OPG+,,False,
OBS_000130,2024-11-23,2,MRA,MRA_ROL_05,MRA_ROL_05,MRA_TA_005,OPG,OPG+,,False,
OBS_000131,2024-11-23,2,MRA,MRA_ROL_01,MRA_ROL_01,MRA_TA_018,OPG,OPG+,,False,
OBS_000951,2024-11-23,2,MRA,MRA_ROL_07,MRA_ROL_02,MRA_TA_021,OCC,OCC+,R01,True,R01CC06
OBS_000134,2024-11-23,2,PLC,PLC_ROL_02,PLC_ROL_02,PLC_TA_015,OPG,OPG+,,False,
OBS_000135,2024-11-23,2,PLC,PLC_ROL_02,PLC_ROL_02,PLC_TA_018,OPG,OPG+,,False,
OBS_000136,2024-11-23,2,PLC,PLC_ROL_04,PLC_ROL_04,PLC_TA_002,OPG,OPG+,,False,
OBS_000137,2024-11-23,2,STM,STM_ROL_01,STM_ROL_01,STM_TA_003,OPG,OPG+,,False,
OBS_000138,2024-11-23,2,STM,STM_ROL_04,STM_ROL_04,STM_TA_016,OPG,OPG+,,False,
OBS_000139,2024-11-23,2,STM,STM_ROL_06,STM_ROL_06,STM_TA_010,OPG,OPG+,,False,
OBS_000140,2024-11-23,2,TME,TME_ROL_04,TME_ROL_04,TME_TA_007,OPG,OPG+,,False,
OBS_000143,2024-11-24,2,CHP,CHP_ROL_06,CHP_ROL_06,CHP_TA_010,OPG,OPG+,,False,
OBS_000144,2024-11-24,2,CHP,CHP_ROL_09,CHP_ROL_09,CHP_TA_012,OPG,OPG+,,False,
OBS_000145,2024-11-24,2,CHP,CHP_ROL_06,CHP_ROL_06,CHP_TA_017,OPG,OPG+,,False,
OBS_000958,2024-11-24,2,CHP,CHP_ROL_09,CHP_ROL_09,CHP_TA_018,OCC,OCC-,R02,True,R02CP03
OBS_000141,2024-11-24,2,MRA,MRA_ROL_08,MRA_ROL_08,MRA_TA_008,OPG,OPG+,,False,
OBS_000142,2024-11-24,2,MRA,MRA_ROL_04,MRA_ROL_04,MRA_TA_013,OPG,OPG+,,False,
OBS_000964,2024-11-24,2,MRA,MRA_ROL_07,MRA_ROL_01,MRA_TA_010,OCC,OCC-,R03,True,R03CC01
OBS_000146,2024-11-24,2,PLC,PLC_ROL_02,PLC_ROL_02,PLC_TA_016,OPG,OPG+,,False,
OBS_000147,2024-11-24,2,PLC,PLC_ROL_06,PLC_ROL_06,PLC_TA_007,OPG,OPG+,,False,
OBS_000148,2024-11-24,2,STM,STM_ROL_01,STM_ROL_01,STM_TA_019,OPG,OPG+,,False,
OBS_000149,2024-11-24,2,STM,STM_ROL_03,STM_ROL_03,STM_TA_001,OPG,OPG+,,False,
OBS_000150,2024-11-24,2,TME,TME_ROL_07,TME_ROL_07,TME_TA_010,OPG,OPG+,,False,
OBS_000151,2024-11-24,2,TME,TME_ROL_06,TME_ROL_06,TME_TA_008,OPG,OPG+,,False,
OBS_000152,2024-11-24,2,TME,TME_ROL_04,TME_ROL_04,TME_TA_016,OPG,OPG+,,False,
OBS_000157,2024-11-25,3,CHP,CHP_ROL_08,CHP_ROL_08,CHP_TA_006,OPG,OPG+,,False,
OBS_000158,2024-11-25,3,CHP,CHP_ROL_09,CHP_ROL_09,CHP_TA_002,OPG,OPG+,,False,
OBS_000159,2024-11-25,3,CHP,CHP_ROL_02,CHP_ROL_02,CHP_TA_002,OPG,OPG+,,False,
OBS_000153,2024-11-25,3,MRA,MRA_ROL_06,MRA_ROL_06,MRA_TA_009,OPG,OPG+,,False,
OBS_000154,2024-11-25,3,MRA,MRA_ROL_08,MRA_ROL_08,MRA_TA_021,OPG,OPG+,,False,
OBS_000155,2024-11-25,3,MRA,MRA_ROL_08,MRA_ROL_08,MRA_TA_006,OPG,OPG+,,False,
OBS_000156,2024-11-25,3,MRA,MRA_ROL_06,MRA_ROL_06,MRA_TA_006,OPG,OPG+,,False,
OBS_000160,2024-11-25,3,PLC,PLC_ROL_03,PLC_ROL_03,PLC_TA_008,OPG,OPG-,,False,
OBS_000161,2024-11-25,3,PLC,PLC_ROL_03,PLC_ROL_03,PLC_TA_001,OPG,OPG+,,False,
OBS_000162,2024-11-25,3,STM,STM_ROL_06,STM_ROL_06,STM_TA_002,OPG,OPG+,,False,
OBS_000163,2024-11-25,3,STM,STM_ROL_08,STM_ROL_08,STM_TA_016,OPG,OPG-,,False,
OBS_000966,2024-11-25,3,STM,STM_ROL_02,STM_ROL_04,STM_TA_014,OCC,OCC-,R01,True,R01CM03
OBS_000164,2024-11-25,3,TME,TME_ROL_07,TME_ROL_07,TME_TA_001,OPG,OPG-,,False,
OBS_000165,2024-11-25,3,TME,TME_ROL_05,TME_ROL_05,TME_TA_010,OPG,OPG-,,False,
OBS_000166,2024-11-25,3,TME,TME_ROL_07,TME_ROL_07,TME_TA_006,OPG,OPG+,,False,
OBS_000979,2024-11-25,3,TME,TME_ROL_02,TME_ROL_01,TME_TA_010,OCC,OCC+,R03,True,R03CP06
OBS_000169,2024-11-26,3,CHP,CHP_ROL_02,CHP_ROL_02,CHP_TA_012,OPG,OPG+,,False,
OBS_000170,2024-11-26,3,CHP,CHP_ROL_08,CHP_ROL_08,CHP_TA_019,OPG,OPG+,,False,
OBS_000167,2024-11-26,3,MRA,MRA_ROL_03,MRA_ROL_03,MRA_TA_008,OPG,OPG+,,False,
OBS_000168,2024-11-26,3,MRA,MRA_ROL_05,MRA_ROL_05,MRA_TA_012,OPG,OPG+,,False,
OBS_000171,2024-11-26,3,PLC,PLC_ROL_04,PLC_ROL_04,PLC_TA_010,OPG,OPG+,,False,
OBS_000172,2024-11-26,3,PLC,PLC_ROL_02,PLC_ROL_02,PLC_TA_002,OPG,OPG+,,False,
OBS_000173,2024-11-26,3,PLC,PLC_ROL_07,PLC_ROL_07,PLC_TA_013,OPG,OPG+,,False,
OBS_000174,2024-11-26,3,STM,STM_ROL_01,STM_ROL_01,STM_TA_006,OPG,OPG-,,False,
OBS_000974,2024-11-26,3,STM,STM_ROL_02,STM_ROL_01,STM_TA_008,OCC,OCC+,R02,True,R02CC03
OBS_000175,2024-11-26,3,TME,TME_ROL_06,TME_ROL_06,TME_TA_004,OPG,OPG+,,False,
OBS_000176,2024-11-26,3,TME,TME_ROL_01,TME_ROL_01,TME_TA_008,OPG,OPG+,,False,
OBS_000181,2024-11-27,3,CHP,CHP_ROL_03,CHP_ROL_03,CHP_TA_013,OPG,OPG+,,False,
OBS_000182,2024-11-27,3,CHP,CHP_ROL_05,CHP_ROL_05,CHP_TA_006,OPG,OPG+,,False,
OBS_000183,2024-11-27,3,CHP,CHP_ROL_07,CHP_ROL_07,CHP_TA_018,OPG,OPG+,,False,
OBS_000978,2024-11-27,3,CHP,CHP_ROL_01,CHP_ROL_08,CHP_TA_001,OCC,OCC+,R02,True,R02CP03
OBS_000177,2024-11-27,3,MRA,MRA_ROL_08,MRA_ROL_08,MRA_TA_009,OPG,OPG-,,False,
OBS_000178,2024-11-27,3,MRA,MRA_ROL_02,MRA_ROL_02,MRA_TA_022,OPG,OPG+,,False,
OBS_000179,2024-11-27,3,MRA,MRA_ROL_01,MRA_ROL_01,MRA_TA_006,OPG,OPG+,,False,
OBS_000180,2024-11-27,3,MRA,MRA_ROL_06,MRA_ROL_06,MRA_TA_001,OPG,OPG+,,False,
OBS_000972,2024-11-27,3,MRA,MRA_ROL_05,MRA_ROL_03,MRA_TA_012,OCC,OCC+,R01,True,R01CC01
OBS_000184,2024-11-27,3,PLC,PLC_ROL_03,PLC_ROL_03,PLC_TA_003,OPG,OPG+,,False,
OBS_000185,2024-11-27,3,PLC,PLC_ROL_06,PLC_ROL_06,PLC_TA_002,OPG,OPG+,,False,
OBS_000186,2024-11-27,3,PLC,PLC_ROL_04,PLC_ROL_04,PLC_TA_003,OPG,OPG+,,False,
OBS_000187,2024-11-27,3,STM,STM_ROL_07,STM_ROL_07,STM_TA_011,OPG,OPG-,,False,
OBS_000188,2024-11-27,3,STM,STM_ROL_05,STM_ROL_05,STM_TA_015,OPG,OPG+,,False,
OBS_000189,2024-11-27,3,STM,STM_ROL_06,STM_ROL_06,STM_TA_018,OPG,OPG+,,False,
OBS_000967,2024-11-27,3,STM,STM_ROL_02,STM_ROL_08,STM_TA_019,OCC,OCC+,R01,True,R01CP05
OBS_000971,2024-11-27,3,STM,STM_ROL_07,STM_ROL_07,STM_TA_012,OCC,OCC+,R01,True,R01CC04
OBS_000190,2024-11-27,3,TME,TME_ROL_03,TME_ROL_03,TME_TA_013,OPG,OPG-,,False,
OBS_000191,2024-11-27,3,TME,TME_ROL_05,TME_ROL_05,TME_TA_008,OPG,OPG+,,False,
OBS_000976,2024-11-27,3,TME,TME_ROL_04,TME_ROL_04,TME_TA_009,OCC,OCC+,R02,True,R02CP01
OBS_000981,2024-11-27,3,TME,TME_ROL_03,TME_ROL_04,TME_TA_015,OCC,OCC+,R03,True,R03CC03
OBS_000194,2024-11-28,3,CHP,CHP_ROL_02,CHP_ROL_02,CHP_TA_001,OPG,OPG+,,False,
OBS_000192,2024-11-28,3,MRA,MRA_ROL_05,MRA_ROL_05,MRA_TA_005,OPG,OPG+,,False,
OBS_000193,2024-11-28,3,MRA,MRA_ROL_03,MRA_ROL_03,MRA_TA_013,OPG,OPG+,,False,
OBS_000195,2024-11-28,3,PLC,PLC_ROL_06,PLC_ROL_06,PLC_TA_009,OPG,OPG+,,False,
OBS_000196,2024-11-28,3,PLC,PLC_ROL_02,PLC_ROL_02,PLC_TA_006,OPG,OPG+,,False,
OBS_000197,2024-11-28,3,STM,STM_ROL_07,STM_ROL_07,STM_TA_004,OPG,OPG-,,False,
OBS_000198,2024-11-28,3,STM,STM_ROL_06,STM_ROL_06,STM_TA_018,OPG,OPG-,,False,
OBS_000199,2024-11-28,3,STM,STM_ROL_06,STM_ROL_06,STM_TA_013,OPG,OPG-,,False,
OBS_000200,2024-11-28,3,TME,TME_ROL_07,TME_ROL_07,TME_TA_003,OPG,OPG+,,False,
OBS_000201,2024-11-28,3,TME,TME_ROL_04,TME_ROL_04,TME_TA_006,OPG,OPG+,,False,
OBS_000204,2024-11-29,3,CHP,CHP_ROL_05,CHP_ROL_05,CHP_TA_014,OPG,OPG+,,False,
OBS_000205,2024-11-29,3,CHP,CHP_ROL_02,CHP_ROL_02,CHP_TA_012,OPG,OPG+,,False,
OBS_000202,2024-11-29,3,MRA,MRA_ROL_03,MRA_ROL_03,MRA_TA_009,OPG,OPG+,,False,
OBS_000203,2024-11-29,3,MRA,MRA_ROL_08,MRA_ROL_08,MRA_TA_005,OPG,OPG-,,False,
OBS_000206,2024-11-29,3,PLC,PLC_ROL_12,PLC_ROL_12,PLC_TA_016,OPG,OPG+,,False,
OBS_000970,2024-11-29,3,PLC,PLC_ROL_02,PLC_ROL_05,PLC_TA_014,OCC,OCC+,R01,True,R01CP02
OBS_000975,2024-11-29,3,PLC,PLC_ROL_01,PLC_ROL_06,PLC_TA_004,OCC,OCC-,R02,True,R02CP04
OBS_000207,2024-11-29,3,STM,STM_ROL_08,STM_ROL_08,STM_TA_004,OPG,OPG+,,False,
OBS_000973,2024-11-29,3,STM,STM_ROL_08,STM_ROL_01,STM_TA_008,OCC,OCC-,R01,True,R01CC05
OBS_000208,2024-11-29,3,TME,TME_ROL_07,TME_ROL_07,TME_TA_011,OPG,OPG+,,False,
OBS_000977,2024-11-29,3,TME,TME_ROL_01,TME_ROL_07,TME_TA_002,OCC,OCC-,R02,True,R02CC05
OBS_000212,2024-11-30,3,CHP,CHP_ROL_06,CHP_ROL_06,CHP_TA_010,OPG,OPG+,,False,
OBS_000213,2024-11-30,3,CHP,CHP_ROL_08,CHP_ROL_08,CHP_TA_019,OPG,OPG+,,False,
OBS_000209,2024-11-30,3,MRA,MRA_ROL_06,MRA_ROL_06,MRA_TA_015,OPG,OPG+,,False,
OBS_000210,2024-11-30,3,MRA,MRA_ROL_03,MRA_ROL_03,MRA_TA_010,OPG,OPG+,,False,
OBS_000211,2024-11-30,3,MRA,MRA_ROL_04,MRA_ROL_04,MRA_TA_016,OPG,OPG+,,False,
OBS_000968,2024-11-30,3,MRA,MRA_ROL_07,MRA_ROL_07,MRA_TA_005,OCC,OCC+,R01,True,R01CC03
OBS_000214,2024-11-30,3,PLC,PLC_ROL_07,PLC_ROL_07,PLC_TA_009,OPG,OPG+,,False,
OBS_000215,2024-11-30,3,PLC,PLC_ROL_07,PLC_ROL_07,PLC_TA_012,OPG,OPG+,,False,
OBS_000216,2024-11-30,3,STM,STM_ROL_04,STM_ROL_04,STM_TA_019,OPG,OPG+,,False,
OBS_000217,2024-11-30,3,STM,STM_ROL_03,STM_ROL_03,STM_TA_018,OPG,OPG-,,False,
OBS_000218,2024-11-30,3,STM,STM_ROL_08,STM_ROL_08,STM_TA_007,OPG,OPG+,,False,
OBS_000219,2024-11-30,3,TME,TME_ROL_02,TME_ROL_02,TME_TA_014,OPG,OPG+,,False,
OBS_000220,2024-11-30,3,TME,TME_ROL_03,TME_ROL_03,TME_TA_010,OPG,OPG+,,False,
OBS_000225,2024-12-01,3,CHP,CHP_ROL_09,CHP_ROL_09,CHP_TA_020,OPG,OPG+,,False,
OBS_000226,2024-12-01,3,CHP,CHP_ROL_02,CHP_ROL_02,CHP_TA_004,OPG,OPG+,,False,
OBS_000221,2024-12-01,3,MRA,MRA_ROL_03,MRA_ROL_03,MRA_TA_014,OPG,OPG+,,False,
OBS_000222,2024-12-01,3,MRA,MRA_ROL_02,MRA_ROL_02,MRA_TA_015,OPG,OPG+,,False,
OBS_000223,2024-12-01,3,MRA,MRA_ROL_08,MRA_ROL_08,MRA_TA_019,OPG,OPG+,,False,
OBS_000224,2024-12-01,3,MRA,MRA_ROL_07,MRA_ROL_07,MRA_TA_018,OPG,OPG-,,False,
OBS_000969,2024-12-01,3,MRA,MRA_ROL_07,MRA_ROL_04,MRA_TA_018,OCC,OCC+,R01,True,R01CM04
OBS_000227,2024-12-01,3,PLC,PLC_ROL_11,PLC_ROL_11,PLC_TA_012,OPG,OPG+,,False,
OBS_000228,2024-12-01,3,PLC,PLC_ROL_10,PLC_ROL_10,PLC_TA_002,OPG,OPG+,,False,
OBS_000229,2024-12-01,3,PLC,PLC_ROL_11,PLC_ROL_11,PLC_TA_013,OPG,OPG+,,False,
OBS_000980,2024-12-01,3,PLC,PLC_ROL_09,PLC_ROL_12,PLC_TA_004,OCC,OCC+,R03,True,R03CM01
OBS_000230,2024-12-01,3,STM,STM_ROL_07,STM_ROL_07,STM_TA_004,OPG,OPG-,,False,
OBS_000231,2024-12-01,3,STM,STM_ROL_05,STM_ROL_05,STM_TA_008,OPG,OPG+,,False,
OBS_000232,2024-12-01,3,TME,TME_ROL_04,TME_ROL_04,TME_TA_015,OPG,OPG+,,False,
OBS_000233,2024-12-01,3,TME,TME_ROL_08,TME_ROL_08,TME_TA_005,OPG,OPG+,,False,
OBS_000234,2024-12-01,3,TME,TME_ROL_01,TME_ROL_01,TME_TA_016,OPG,OPG+,,False,
OBS_000238,2024-12-02,4,CHP,CHP_ROL_08,CHP_ROL_08,CHP_TA_004,OPG,OPG+,,False,
OBS_000239,2024-12-02,4,CHP,CHP_ROL_08,CHP_ROL_08,CHP_TA_011,OPG,OPG-,,False,
OBS_000235,2024-12-02,4,MRA,MRA_ROL_02,MRA_ROL_02,MRA_TA_004,OPG,OPG+,,False,
OBS_000236,2024-12-02,4,MRA,MRA_ROL_03,MRA_ROL_03,MRA_TA_012,OPG,OPG+,,False,
OBS_000237,2024-12-02,4,MRA,MRA_ROL_08,MRA_ROL_08,MRA_TA_007,OPG,OPG+,,False,
OBS_000240,2024-12-02,4,PLC,PLC_ROL_12,PLC_ROL_12,PLC_TA_004,OPG,OPG-,,False,
OBS_000241,2024-12-02,4,STM,STM_ROL_02,STM_ROL_02,STM_TA_006,OPG,OPG+,,False,
OBS_000242,2024-12-02,4,STM,STM_ROL_04,STM_ROL_04,STM_TA_017,OPG,OPG+,,False,
OBS_000243,2024-12-02,4,TME,TME_ROL_06,TME_ROL_06,TME_TA_014,OPG,OPG+,,False,
OBS_000246,2024-12-03,4,CHP,CHP_ROL_04,CHP_ROL_04,CHP_TA_015,OPG,OPG+,,False,
OBS_000247,2024-12-03,4,CHP,CHP_ROL_07,CHP_ROL_07,CHP_TA_001,OPG,OPG+,,False,
OBS_000248,2024-12-03,4,CHP,CHP_ROL_04,CHP_ROL_04,CHP_TA_009,OPG,OPG+,,False,
OBS_000988,2024-12-03,4,CHP,CHP_ROL_03,CHP_ROL_05,CHP_TA_017,OCC,OCC+,R03,True,R03CP01
OBS_000244,2024-12-03,4,MRA,MRA_ROL_07,MRA_ROL_07,MRA_TA_021,OPG,OPG+,,False,
OBS_000245,2024-12-03,4,MRA,MRA_ROL_07,MRA_ROL_07,MRA_TA_013,OPG,OPG-,,False,
OBS_000996,2024-12-03,4,MRA,MRA_ROL_05,MRA_ROL_07,MRA_TA_008,OCC,OCC-,R02,True,R02CC01
OBS_000249,2024-12-03,4,PLC,PLC_ROL_10,PLC_ROL_10,PLC_TA_004,OPG,OPG+,,False,
OBS_000984,2024-12-03,4,PLC,PLC_ROL_01,PLC_ROL_11,PLC_TA_009,OCC,OCC-,R03,True,R03CP03
OBS_000250,2024-12-03,4,STM,STM_ROL_03,STM_ROL_03,STM_TA_012,OPG,OPG+,,False,
OBS_000251,2024-12-03,4,STM,STM_ROL_08,STM_ROL_08,STM_TA_004,OPG,OPG+,,False,
OBS_000252,2024-12-03,4,STM,STM_ROL_08,STM_ROL_08,STM_TA_017,OPG,OPG+,,False,
OBS_000253,2024-12-03,4,TME,TME_ROL_07,TME_ROL_07,TME_TA_013,OPG,OPG+,,False,
OBS_000254,2024-12-03,4,TME,TME_ROL_06,TME_ROL_06,TME_TA_012,OPG,OPG+,,False,
OBS_000986,2024-12-03,4,TME,TME_ROL_02,TME_ROL_07,TME_TA_008,OCC,OCC+,R03,True,R03CC05
OBS_000989,2024-12-03,4,TME,TME_ROL_03,TME_ROL_06,TME_TA_003,OCC,OCC-,R03,True,R03CC05
OBS_000259,2024-12-04,4,CHP,CHP_ROL_03,CHP_ROL_03,CHP_TA_017,OPG,OPG+,,False,
OBS_000260,2024-12-04,4,CHP,CHP_ROL_03,CHP_ROL_03,CHP_TA_019,OPG,OPG+,,False,
OBS_000261,2024-12-04,4,CHP,CHP_ROL_03,CHP_ROL_03,CHP_TA_016,OPG,OPG+,,False,
OBS_000995,2024-12-04,4,CHP,CHP_ROL_03,CHP_ROL_03,CHP_TA_007,OCC,OCC+,R02,True,R02CM04
OBS_000255,2024-12-04,4,MRA,MRA_ROL_03,MRA_ROL_03,MRA_TA_022,OPG,OPG+,,False,
OBS_000256,2024-12-04,4,MRA,MRA_ROL_05,MRA_ROL_05,MRA_TA_020,OPG,OPG+,,False,
OBS_000257,2024-12-04,4,MRA,MRA_ROL_03,MRA_ROL_03,MRA_TA_011,OPG,OPG+,,False,
OBS_000258,2024-12-04,4,MRA,MRA_ROL_05,MRA_ROL_05,MRA_TA_004,OPG,OPG+,,False,
OBS_000262,2024-12-04,4,PLC,PLC_ROL_11,PLC_ROL_11,PLC_TA_006,OPG,OPG+,,False,
OBS_000263,2024-12-04,4,PLC,PLC_ROL_08,PLC_ROL_08,PLC_TA_010,OPG,OPG+,,False,
OBS_000264,2024-12-04,4,PLC,PLC_ROL_06,PLC_ROL_06,PLC_TA_015,OPG,OPG+,,False,
OBS_000265,2024-12-04,4,STM,STM_ROL_01,STM_ROL_01,STM_TA_016,OPG,OPG+,,False,
OBS_000266,2024-12-04,4,STM,STM_ROL_07,STM_ROL_07,STM_TA_018,OPG,OPG+,,False,
OBS_000267,2024-12-04,4,TME,TME_ROL_07,TME_ROL_07,TME_TA_016,OPG,OPG+,,False,
OBS_000268,2024-12-04,4,TME,TME_ROL_08,TME_ROL_08,TME_TA_016,OPG,OPG+,,False,
OBS_000273,2024-12-05,4,CHP,CHP_ROL_02,CHP_ROL_02,CHP_TA_009,OPG,OPG+,,False,
OBS_000274,2024-12-05,4,CHP,CHP_ROL_06,CHP_ROL_06,CHP_TA_018,OPG,OPG+,,False,
OBS_000275,2024-12-05,4,CHP,CHP_ROL_01,CHP_ROL_01,CHP_TA_015,OPG,OPG+,,False,
OBS_000987,2024-12-05,4,CHP,CHP_ROL_06,CHP_ROL_08,CHP_TA_018,OCC,OCC+,R03,True,R03CP04
OBS_000269,2024-12-05,4,MRA,MRA_ROL_01,MRA_ROL_01,MRA_TA_008,OPG,OPG+,,False,
OBS_000270,2024-12-05,4,MRA,MRA_ROL_05,MRA_ROL_05,MRA_TA_008,OPG,OPG+,,False,
OBS_000271,2024-12-05,4,MRA,MRA_ROL_03,MRA_ROL_03,MRA_TA_015,OPG,OPG+,,False,
OBS_000272,2024-12-05,4,MRA,MRA_ROL_08,MRA_ROL_08,MRA_TA_018,OPG,OPG+,,False,
OBS_000276,2024-12-05,4,PLC,PLC_ROL_02,PLC_ROL_02,PLC_TA_008,OPG,OPG+,,False,
OBS_000277,2024-12-05,4,PLC,PLC_ROL_01,PLC_ROL_01,PLC_TA_015,OPG,OPG+,,False,
OBS_000985,2024-12-05,4,PLC,PLC_ROL_09,PLC_ROL_05,PLC_TA_008,OCC,OCC-,R03,True,R03CC01
OBS_000278,2024-12-05,4,STM,STM_ROL_08,STM_ROL_08,STM_TA_004,OPG,OPG+,,False,
OBS_000279,2024-12-05,4,TME,TME_ROL_04,TME_ROL_04,TME_TA_012,OPG,OPG+,,False,
OBS_000983,2024-12-05,4,TME,TME_ROL_06,TME_ROL_06,TME_TA_010,OCC,OCC+,R03,True,R03CP06
OBS_000284,2024-12-06,4,CHP,CHP_ROL_05,CHP_ROL_05,CHP_TA_019,OPG,OPG+,,False,
OBS_000285,2024-12-06,4,CHP,CHP_ROL_09,CHP_ROL_09,CHP_TA_004,OPG,OPG+,,False,
OBS_000280,2024-12-06,4,MRA,MRA_ROL_07,MRA_ROL_07,MRA_TA_006,OPG,OPG+,,False,
OBS_000281,2024-12-06,4,MRA,MRA_ROL_04,MRA_ROL_04,MRA_TA_007,OPG,OPG+,,False,
OBS_000282,2024-12-06,4,MRA,MRA_ROL_06,MRA_ROL_06,MRA_TA_018,OPG,OPG+,,False,
OBS_000283,2024-12-06,4,MRA,MRA_ROL_03,MRA_ROL_03,MRA_TA_011,OPG,OPG+,,False,
OBS_000286,2024-12-06,4,PLC,PLC_ROL_01,PLC_ROL_01,PLC_TA_009,OPG,OPG+,,False,
OBS_000287,2024-12-06,4,PLC,PLC_ROL_03,PLC_ROL_03,PLC_TA_005,OPG,OPG+,,False,
OBS_000982,2024-12-06,4,PLC,PLC_ROL_09,PLC_ROL_05,PLC_TA_011,OCC,OCC+,R03,True,R03CP02
OBS_000288,2024-12-06,4,STM,STM_ROL_06,STM_ROL_06,STM_TA_008,OPG,OPG+,,False,
OBS_000289,2024-12-06,4,STM,STM_ROL_07,STM_ROL_07,STM_TA_016,OPG,OPG+,,False,
OBS_000290,2024-12-06,4,STM,STM_ROL_05,STM_ROL_05,STM_TA_014,OPG,OPG+,,False,
OBS_000291,2024-12-06,4,TME,TME_ROL_02,TME_ROL_02,TME_TA_013,OPG,OPG+,,False,
OBS_000990,2024-12-06,4,TME,TME_ROL_06,TME_ROL_03,TME_TA_001,OCC,OCC-,R01,True,R01CC06
OBS_000295,2024-12-07,4,CHP,CHP_ROL_06,CHP_ROL_06,CHP_TA_003,OPG,OPG+,,False,
OBS_000296,2024-12-07,4,CHP,CHP_ROL_07,CHP_ROL_07,CHP_TA_007,OPG,OPG+,,False,
OBS_000297,2024-12-07,4,CHP,CHP_ROL_04,CHP_ROL_04,CHP_TA_016,OPG,OPG+,,False,
OBS_000292,2024-12-07,4,MRA,MRA_ROL_06,MRA_ROL_06,MRA_TA_015,OPG,OPG+,,False,
OBS_000293,2024-12-07,4,MRA,MRA_ROL_06,MRA_ROL_06,MRA_TA_019,OPG,OPG-,,False,
OBS_000294,2024-12-07,4,MRA,MRA_ROL_02,MRA_ROL_02,MRA_TA_015,OPG,OPG+,,False,
OBS_000992,2024-12-07,4,MRA,MRA_ROL_03,MRA_ROL_03,MRA_TA_001,OCC,OCC-,R01,True,R01CC04
OBS_000994,2024-12-07,4,MRA,MRA_ROL_03,MRA_ROL_08,MRA_TA_021,OCC,OCC+,R01,True,R01CM04
OBS_000298,2024-12-07,4,PLC,PLC_ROL_06,PLC_ROL_06,PLC_TA_018,OPG,OPG+,,False,
OBS_000299,2024-12-07,4,PLC,PLC_ROL_10,PLC_ROL_10,PLC_TA_016,OPG,OPG+,,False,
OBS_000300,2024-12-07,4,STM,STM_ROL_01,STM_ROL_01,STM_TA_002,OPG,OPG+,,False,
OBS_000301,2024-12-07,4,STM,STM_ROL_08,STM_ROL_08,STM_TA_001,OPG,OPG+,,False,
OBS_000302,2024-12-07,4,STM,STM_ROL_03,STM_ROL_03,STM_TA_015,OPG,OPG+,,False,
OBS_000997,2024-12-07,4,STM,STM_ROL_02,STM_ROL_03,STM_TA_015,OCC,OCC+,R02,True,R02CP01
OBS_000303,2024-12-07,4,TME,TME_ROL_04,TME_ROL_04,TME_TA_005,OPG,OPG+,,False,
OBS_000304,2024-12-07,4,TME,TME_ROL_05,TME_ROL_05,TME_TA_006,OPG,OPG+,,False,
OBS_000308,2024-12-08,4,CHP,CHP_ROL_04,CHP_ROL_04,CHP_TA_014,OPG,OPG+,,False,
OBS_000309,2024-12-08,4,CHP,CHP_ROL_02,CHP_ROL_02,CHP_TA_001,OPG,OPG+,,False,
OBS_000305,2024-12-08,4,MRA,MRA_ROL_02,MRA_ROL_02,MRA_TA_021,OPG,OPG+,,False,
OBS_000306,2024-12-08,4,MRA,MRA_ROL_02,MRA_ROL_02,MRA_TA_012,OPG,OPG+,,False,
OBS_000307,2024-12-08,4,MRA,MRA_ROL_03,MRA_ROL_03,MRA_TA_002,OPG,OPG+,,False,
OBS_000991,2024-12-08,4,MRA,MRA_ROL_05,MRA_ROL_08,MRA_TA_021,OCC,OCC-,R01,True,R01CM02
OBS_000310,2024-12-08,4,PLC,PLC_ROL_03,PLC_ROL_03,PLC_TA_019,OPG,OPG+,,False,
OBS_000993,2024-12-08,4,PLC,PLC_ROL_10,PLC_ROL_04,PLC_TA_008,OCC,OCC+,R01,True,R01CP02
OBS_000311,2024-12-08,4,STM,STM_ROL_08,STM_ROL_08,STM_TA_001,OPG,OPG-,,False,
OBS_000312,2024-12-08,4,STM,STM_ROL_06,STM_ROL_06,STM_TA_004,OPG,OPG+,,False,
OBS_000313,2024-12-08,4,STM,STM_ROL_07,STM_ROL_07,STM_TA_005,OPG,OPG+,,False,
OBS_000314,2024-12-08,4,TME,TME_ROL_07,TME_ROL_07,TME_TA_003,OPG,OPG+,,False,
OBS_000317,2024-12-09,5,CHP,CHP_ROL_03,CHP_ROL_03,CHP_TA_003,OPG,OPG+,,False,
OBS_000315,2024-12-09,5,MRA,MRA_ROL_02,MRA_ROL_02,MRA_TA_011,OPG,OPG+,,False,
OBS_000316,2024-12-09,5,MRA,MRA_ROL_05,MRA_ROL_05,MRA_TA_005,OPG,OPG+,,False,
OBS_001008,2024-12-09,5,MRA,MRA_ROL_02,MRA_ROL_07,MRA_TA_017,OCC,OCC+,R03,True,R03CP06
OBS_000318,2024-12-09,5,PLC,PLC_ROL_10,PLC_ROL_10,PLC_TA_006,OPG,OPG+,,False,
OBS_000319,2024-12-09,5,STM,STM_ROL_04,STM_ROL_04,STM_TA_005,OPG,OPG+,,False,
OBS_000320,2024-12-09,5,STM,STM_ROL_08,STM_ROL_08,STM_TA_007,OPG,OPG-,,False,
OBS_000321,2024-12-09,5,STM,STM_ROL_02,STM_ROL_02,STM_TA_005,OPG,OPG+,,False,
OBS_000322,2024-12-09,5,TME,TME_ROL_07,TME_ROL_07,TME_TA_012,OPG,OPG+,,False,
OBS_000323,2024-12-09,5,TME,TME_ROL_06,TME_ROL_06,TME_TA_005,OPG,OPG+,,False,
OBS_000324,2024-12-09,5,TME,TME_ROL_02,TME_ROL_02,TME_TA_008,OPG,OPG+,,False,
OBS_000329,2024-12-10,5,CHP,CHP_ROL_04,CHP_ROL_04,CHP_TA_016,OPG,OPG+,,False,
OBS_000325,2024-12-10,5,MRA,MRA_ROL_05,MRA_ROL_05,MRA_TA_001,OPG,OPG+,,False,
OBS_000326,2024-12-10,5,MRA,MRA_ROL_05,MRA_ROL_05,MRA_TA_007,OPG,OPG+,,False,
OBS_000327,2024-12-10,5,MRA,MRA_ROL_04,MRA_ROL_04,MRA_TA_013,OPG,OPG+,,False,
OBS_000328,2024-12-10,5,MRA,MRA_ROL_01,MRA_ROL_01,MRA_TA_008,OPG,OPG+,,False,
OBS_000330,2024-12-10,5,PLC,PLC_ROL_09,PLC_ROL_09,PLC_TA_001,OPG,OPG+,,False,
OBS_001012,2024-12-10,5,PLC,PLC_ROL_01,PLC_ROL_08,PLC_TA_016,OCC,OCC+,R02,True,R02CP03
OBS_000331,2024-12-10,5,STM,STM_ROL_03,STM_ROL_03,STM_TA_013,OPG,OPG+,,False,
OBS_000332,2024-12-10,5,STM,STM_ROL_07,STM_ROL_07,STM_TA_012,OPG,OPG+,,False,
OBS_000333,2024-12-10,5,TME,TME_ROL_08,TME_ROL_08,TME_TA_003,OPG,OPG-,,False,
OBS_000336,2024-12-11,5,CHP,CHP_ROL_09,CHP_ROL_09,CHP_TA_014,OPG,OPG+,,False,
OBS_000337,2024-12-11,5,CHP,CHP_ROL_07,CHP_ROL_07,CHP_TA_003,OPG,OPG+,,False,
OBS_000338,2024-12-11,5,CHP,CHP_ROL_09,CHP_ROL_09,CHP_TA_020,OPG,OPG+,,False,
OBS_000334,2024-12-11,5,MRA,MRA_ROL_01,MRA_ROL_01,MRA_TA_009,OPG,OPG+,,False,
OBS_000335,2024-12-11,5,MRA,MRA_ROL_01,MRA_ROL_01,MRA_TA_013,OPG,OPG+,,False,
OBS_000339,2024-12-11,5,PLC,PLC_ROL_05,PLC_ROL_05,PLC_TA_003,OPG,OPG+,,False,
OBS_001007,2024-12-11,5,PLC,PLC_ROL_12,PLC_ROL_12,PLC_TA_004,OCC,OCC-,R03,True,R03CC06
OBS_000340,2024-12-11,5,STM,STM_ROL_03,STM_ROL_03,STM_TA_018,OPG,OPG+,,False,
OBS_000341,2024-12-11,5,TME,TME_ROL_02,TME_ROL_02,TME_TA_010,OPG,OPG+,,False,
OBS_000342,2024-12-11,5,TME,TME_ROL_04,TME_ROL_04,TME_TA_002,OPG,OPG+,,False,
OBS_000343,2024-12-11,5,TME,TME_ROL_07,TME_ROL_07,TME_TA_004,OPG,OPG+,,False,
OBS_001004,2024-12-11,5,TME,TME_ROL_08,TME_ROL_08,TME_TA_003,OCC,OCC+,R01,True,R01CC05
OBS_000348,2024-12-12,5,CHP,CHP_ROL_05,CHP_ROL_05,CHP_TA_006,OPG,OPG+,,False,
OBS_000349,2024-12-12,5,CHP,CHP_ROL_05,CHP_ROL_05,CHP_TA_004,OPG,OPG+,,False,
OBS_000350,2024-12-12,5,CHP,CHP_ROL_01,CHP_ROL_01,CHP_TA_011,OPG,OPG+,,False,
OBS_001011,2024-12-12,5,CHP,CHP_ROL_05,CHP_ROL_03,CHP_TA_004,OCC,OCC-,R02,True,R02CM03
OBS_000344,2024-12-12,5,MRA,MRA_ROL_01,MRA_ROL_01,MRA_TA_010,OPG,OPG+,,False,
OBS_000345,2024-12-12,5,MRA,MRA_ROL_03,MRA_ROL_03,MRA_TA_004,OPG,OPG-,,False,
OBS_000346,2024-12-12,5,MRA,MRA_ROL_03,MRA_ROL_03,MRA_TA_001,OPG,OPG+,,False,
OBS_000347,2024-12-12,5,MRA,MRA_ROL_06,MRA_ROL_06,MRA_TA_017,OPG,OPG+,,False,
OBS_001006,2024-12-12,5,MRA,MRA_ROL_08,MRA_ROL_02,MRA_TA_009,OCC,OCC+,R03,True,R03CP01
OBS_000351,2024-12-12,5,PLC,PLC_ROL_09,PLC_ROL_09,PLC_TA_003,OPG,OPG+,,False,
OBS_000352,2024-12-12,5,PLC,PLC_ROL_10,PLC_ROL_10,PLC_TA_003,OPG,OPG+,,False,
OBS_001003,2024-12-12,5,PLC,PLC_ROL_08,PLC_ROL_03,PLC_TA_014,OCC,OCC-,R01,True,R01CP04
OBS_000353,2024-12-12,5,STM,STM_ROL_06,STM_ROL_06,STM_TA_002,OPG,OPG+,,False,
OBS_000354,2024-12-12,5,STM,STM_ROL_03,STM_ROL_03,STM_TA_012,OPG,OPG+,,False,
OBS_000355,2024-12-12,5,STM,STM_ROL_02,STM_ROL_02,STM_TA_019,OPG,OPG+,,False,
OBS_000356,2024-12-12,5,TME,TME_ROL_04,TME_ROL_04,TME_TA_001,OPG,OPG-,,False,
OBS_000359,2024-12-13,5,CHP,CHP_ROL_09,CHP_ROL_09,CHP_TA_014,OPG,OPG+,,False,
OBS_000357,2024-12-13,5,MRA,MRA_ROL_04,MRA_ROL_04,MRA_TA_002,OPG,OPG+,,False,
OBS_000358,2024-12-13,5,MRA,MRA_ROL_07,MRA_ROL_07,MRA_TA_005,OPG,OPG+,,False,
OBS_000360,2024-12-13,5,PLC,PLC_ROL_07,PLC_ROL_07,PLC_TA_011,OPG,OPG+,,False,
OBS_001009,2024-12-13,5,PLC,PLC_ROL_01,PLC_ROL_03,PLC_TA_011,OCC,OCC+,R03,True,R03CM01
OBS_001010,2024-12-13,5,PLC,PLC_ROL_03,PLC_ROL_03,PLC_TA_002,OCC,OCC-,R03,True,R03CC06
OBS_000361,2024-12-13,5,STM,STM_ROL_06,STM_ROL_06,STM_TA_004,OPG,OPG+,,False,
OBS_000362,2024-12-13,5,TME,TME_ROL_03,TME_ROL_03,TME_TA_008,OPG,OPG+,,False,
OBS_000365,2024-12-14,5,CHP,CHP_ROL_08,CHP_ROL_08,CHP_TA_001,OPG,OPG+,,False,
OBS_000366,2024-12-14,5,CHP,CHP_ROL_05,CHP_ROL_05,CHP_TA_019,OPG,OPG+,,False,
OBS_000367,2024-12-14,5,CHP,CHP_ROL_04,CHP_ROL_04,CHP_TA_015,OPG,OPG+,,False,
OBS_000363,2024-12-14,5,MRA,MRA_ROL_07,MRA_ROL_07,MRA_TA_003,OPG,OPG+,,False,
OBS_000364,2024-12-14,5,MRA,MRA_ROL_05,MRA_ROL_05,MRA_TA_010,OPG,OPG+,,False,
OBS_001002,2024-12-14,5,MRA,MRA_ROL_04,MRA_ROL_05,MRA_TA_015,OCC,OCC+,R01,True,R01CC02
OBS_000368,2024-12-14,5,PLC,PLC_ROL_04,PLC_ROL_04,PLC_TA_018,OPG,OPG+,,False,
OBS_000369,2024-12-14,5,PLC,PLC_ROL_04,PLC_ROL_04,PLC_TA_005,OPG,OPG-,,False,
OBS_000370,2024-12-14,5,STM,STM_ROL_01,STM_ROL_01,STM_TA_008,OPG,OPG+,,False,
OBS_000371,2024-12-14,5,STM,STM_ROL_01,STM_ROL_01,STM_TA_011,OPG,OPG-,,False,
OBS_000372,2024-12-14,5,TME,TME_ROL_07,TME_ROL_07,TME_TA_010,OPG,OPG-,,False,
OBS_000373,2024-12-14,5,TME,TME_ROL_04,TME_ROL_04,TME_TA_014,OPG,OPG+,,False,
OBS_000374,2024-12-14,5,TME,TME_ROL_01,TME_ROL_01,TME_TA_005,OPG,OPG+,,False,
OBS_001000,2024-12-14,5,TME,TME_ROL_02,TME_ROL_08,TME_TA_015,OCC,OCC+,R01,True,R01CC02
OBS_001005,2024-12-14,5,TME,TME_ROL_07,TME_ROL_07,TME_TA_011,OCC,OCC+,R01,True,R01CC05
OBS_000377,2024-12-15,5,CHP,CHP_ROL_02,CHP_ROL_02,CHP_TA_019,OPG,OPG-,,False,
OBS_000378,2024-12-15,5,CHP,CHP_ROL_03,CHP_ROL_03,CHP_TA_013,OPG,OPG-,,False,
OBS_000379,2024-12-15,5,CHP,CHP_ROL_01,CHP_ROL_01,CHP_TA_014,OPG,OPG+,,False,
OBS_000375,2024-12-15,5,MRA,MRA_ROL_01,MRA_ROL_01,MRA_TA_008,OPG,OPG+,,False,
OBS_000376,2024-12-15,5,MRA,MRA_ROL_07,MRA_ROL_07,MRA_TA_012,OPG,OPG+,,False,
OBS_000999,2024-12-15,5,MRA,MRA_ROL_06,MRA_ROL_07,MRA_TA_020,OCC,OCC-,R01,True,R01CM01
OBS_000380,2024-12-15,5,PLC,PLC_ROL_04,PLC_ROL_04,PLC_TA_010,OPG,OPG+,,False,
OBS_001001,2024-12-15,5,PLC,PLC_ROL_09,PLC_ROL_09,PLC_TA_013,OCC,OCC-,R01,True,R01CP02
OBS_000381,2024-12-15,5,STM,STM_ROL_07,STM_ROL_07,STM_TA_011,OPG,OPG+,,False,
OBS_000382,2024-12-15,5,STM,STM_ROL_05,STM_ROL_05,STM_TA_008,OPG,OPG-,,False,
OBS_000998,2024-12-15,5,STM,STM_ROL_04,STM_ROL_07,STM_TA_013,OCC,OCC+,R01,True,R01CM03
OBS_000383,2024-12-15,5,TME,TME_ROL_03,TME_ROL_03,TME_TA_004,OPG,OPG+,,False,
OBS_001013,2024-12-15,5,TME,TME_ROL_04,TME_ROL_04,TME_TA_016,OCC,OCC-,R02,True,R02CM04
OBS_000386,2024-12-16,6,CHP,CHP_ROL_08,CHP_ROL_08,CHP_TA_010,OPG,OPG+,,False,
OBS_001015,2024-12-16,6,CHP,CHP_ROL_01,CHP_ROL_03,CHP_TA_002,OCC,OCC+,R03,True,R03CP06
OBS_000384,2024-12-16,6,MRA,MRA_ROL_08,MRA_ROL_08,MRA_TA_015,OPG,OPG+,,False,
OBS_000385,2024-12-16,6,MRA,MRA_ROL_02,MRA_ROL_02,MRA_TA_018,OPG,OPG+,,False,
OBS_000387,2024-12-16,6,PLC,PLC_ROL_02,PLC_ROL_02,PLC_TA_006,OPG,OPG+,,False,
OBS_000388,2024-12-16,6,STM,STM_ROL_01,STM_ROL_01,STM_TA_007,OPG,OPG+,,False,
OBS_000389,2024-12-16,6,STM,STM_ROL_06,STM_ROL_06,STM_TA_005,OPG,OPG-,,False,
OBS_000390,2024-12-16,6,TME,TME_ROL_06,TME_ROL_06,TME_TA_013,OPG,OPG+,,False,
OBS_001025,2024-12-16,6,TME,TME_ROL_07,TME_ROL_07,TME_TA_002,OCC,OCC-,R01,True,R01CP01
OBS_000395,2024-12-17,6,CHP,CHP_ROL_02,CHP_ROL_02,CHP_TA_001,OPG,OPG-,,False,
OBS_000391,2024-12-17,6,MRA,MRA_ROL_05,MRA_ROL_05,MRA_TA_009,OPG,OPG+,,False,
OBS_000392,2024-12-17,6,MRA,MRA_ROL_03,MRA_ROL_03,MRA_TA_001,OPG,OPG+,,False,
OBS_000393,2024-12-17,6,MRA,MRA_ROL_08,MRA_ROL_08,MRA_TA_018,OPG,OPG+,,False,
OBS_000394,2024-12-17,6,MRA,MRA_ROL_04,MRA_ROL_04,MRA_TA_004,OPG,OPG+,,False,
OBS_000396,2024-12-17,6,PLC,PLC_ROL_03,PLC_ROL_03,PLC_TA_007,OPG,OPG+,,False,
OBS_000397,2024-12-17,6,STM,STM_ROL_02,STM_ROL_02,STM_TA_019,OPG,OPG+,,False,
OBS_000398,2024-12-17,6,STM,STM_ROL_02,STM_ROL_02,STM_TA_001,OPG,OPG+,,False,
OBS_000399,2024-12-17,6,TME,TME_ROL_08,TME_ROL_08,TME_TA_005,OPG,OPG-,,False,
OBS_000403,2024-12-18,6,CHP,CHP_ROL_07,CHP_ROL_07,CHP_TA_006,OPG,OPG+,,False,
OBS_000404,2024-12-18,6,CHP,CHP_ROL_03,CHP_ROL_03,CHP_TA_009,OPG,OPG+,,False,
OBS_001028,2024-12-18,6,CHP,CHP_ROL_03,CHP_ROL_04,CHP_TA_011,OCC,OCC+,R02,True,R02CC01
OBS_000400,2024-12-18,6,MRA,MRA_ROL_02,MRA_ROL_02,MRA_TA_002,OPG,OPG+,,False,
OBS_000401,2024-12-18,6,MRA,MRA_ROL_01,MRA_ROL_01,MRA_TA_006,OPG,OPG+,,False,
OBS_000402,2024-12-18,6,MRA,MRA_ROL_07,MRA_ROL_07,MRA_TA_013,OPG,OPG+,,False,
OBS_001026,2024-12-18,6,MRA,MRA_ROL_01,MRA_ROL_04,MRA_TA_010,OCC,OCC-,R01,True,R01CP01
OBS_000405,2024-12-18,6,PLC,PLC_ROL_01,PLC_ROL_01,PLC_TA_008,OPG,OPG+,,False,
OBS_000406,2024-12-18,6,STM,STM_ROL_07,STM_ROL_07,STM_TA_018,OPG,OPG+,,False,
OBS_000407,2024-12-18,6,STM,STM_ROL_02,STM_ROL_02,STM_TA_009,OPG,OPG+,,False,
OBS_001027,2024-12-18,6,STM,STM_ROL_01,STM_ROL_02,STM_TA_011,OCC,OCC+,R02,True,R02CP05
OBS_000408,2024-12-18,6,TME,TME_ROL_04,TME_ROL_04,TME_TA_008,OPG,OPG+,,False,
OBS_000409,2024-12-18,6,TME,TME_ROL_01,TME_ROL_01,TME_TA_013,OPG,OPG+,,False,
OBS_001019,2024-12-18,6,TME,TME_ROL_07,TME_ROL_02,TME_TA_010,OCC,OCC+,R03,True,R03CC03
OBS_000413,2024-12-19,6,CHP,CHP_ROL_04,CHP_ROL_04,CHP_TA_001,OPG,OPG+,,False,
OBS_000414,2024-12-19,6,CHP,CHP_ROL_05,CHP_ROL_05,CHP_TA_002,OPG,OPG+,,False,
OBS_001020,2024-12-19,6,CHP,CHP_ROL_06,CHP_ROL_09,CHP_TA_014,OCC,OCC+,R03,True,R03CP03
OBS_000410,2024-12-19,6,MRA,MRA_ROL_08,MRA_ROL_08,MRA_TA_018,OPG,OPG+,,False,
OBS_000411,2024-12-19,6,MRA,MRA_ROL_06,MRA_ROL_06,MRA_TA_019,OPG,OPG+,,False,
OBS_000412,2024-12-19,6,MRA,MRA_ROL_07,MRA_ROL_07,MRA_TA_009,OPG,OPG+,,False,
OBS_000415,2024-12-19,6,PLC,PLC_ROL_09,PLC_ROL_09,PLC_TA_012,OPG,OPG+,,False,
OBS_000416,2024-12-19,6,PLC,PLC_ROL_04,PLC_ROL_04,PLC_TA_006,OPG,OPG-,,False,
OBS_001017,2024-12-19,6,PLC,PLC_ROL_10,PLC_ROL_11,PLC_TA_019,OCC,OCC+,R03,True,R03CP04
OBS_000417,2024-12-19,6,STM,STM_ROL_04,STM_ROL_04,STM_TA_009,OPG,OPG+,,False,
OBS_000418,2024-12-19,6,STM,STM_ROL_01,STM_ROL_01,STM_TA_008,OPG,OPG+,,False,
OBS_000419,2024-12-19,6,STM,STM_ROL_07,STM_ROL_07,STM_TA_012,OPG,OPG+,,False,
OBS_001022,2024-12-19,6,STM,STM_ROL_07,STM_ROL_06,STM_TA_009,OCC,OCC+,R01,True,R01CP04
OBS_000420,2024-12-19,6,TME,TME_ROL_03,TME_ROL_03,TME_TA_008,OPG,OPG+,,False,
OBS_001014,2024-12-19,6,TME,TME_ROL_04,TME_ROL_05,TME_TA_007,OCC,OCC+,R03,True,R03CC01
OBS_000425,2024-12-20,6,CHP,CHP_ROL_04,CHP_ROL_04,CHP_TA_020,OPG,OPG+,,False,
OBS_001021,2024-12-20,6,CHP,CHP_ROL_02,CHP_ROL_09,CHP_TA_003,OCC,OCC+,R03,True,R03CC02
OBS_000421,2024-12-20,6,MRA,MRA_ROL_06,MRA_ROL_06,MRA_TA_019,OPG,OPG-,,False,
OBS_000422,2024-12-20,6,MRA,MRA_ROL_06,MRA_ROL_06,MRA_TA_019,OPG,OPG+,,False,
OBS_000423,2024-12-20,6,MRA,MRA_ROL_04,MRA_ROL_04,MRA_TA_016,OPG,OPG+,,False,
OBS_000424,2024-12-20,6,MRA,MRA_ROL_03,MRA_ROL_03,MRA_TA_016,OPG,OPG-,,False,
OBS_000426,2024-12-20,6,PLC,PLC_ROL_08,PLC_ROL_08,PLC_TA_001,OPG,OPG+,,False,
OBS_000427,2024-12-20,6,PLC,PLC_ROL_10,PLC_ROL_10,PLC_TA_007,OPG,OPG+,,False,
OBS_000428,2024-12-20,6,PLC,PLC_ROL_06,PLC_ROL_06,PLC_TA_006,OPG,OPG+,,False,
OBS_000429,2024-12-20,6,STM,STM_ROL_01,STM_ROL_01,STM_TA_001,OPG,OPG+,,False,
OBS_000430,2024-12-20,6,STM,STM_ROL_03,STM_ROL_03,STM_TA_004,OPG,OPG+,,False,
OBS_000431,2024-12-20,6,TME,TME_ROL_02,TME_ROL_02,TME_TA_012,OPG,OPG+,,False,
OBS_000432,2024-12-20,6,TME,TME_ROL_07,TME_ROL_07,TME_TA_004,OPG,OPG+,,False,
OBS_001023,2024-12-20,6,TME,TME_ROL_08,TME_ROL_08,TME_TA_016,OCC,OCC+,R01,True,R01CC05
OBS_000436,2024-12-21,6,CHP,CHP_ROL_06,CHP_ROL_06,CHP_TA_008,OPG,OPG+,,False,
OBS_000437,2024-12-21,6,CHP,CHP_ROL_03,CHP_ROL_03,CHP_TA_013,OPG,OPG+,,False,
OBS_000438,2024-12-21,6,CHP,CHP_ROL_05,CHP_ROL_05,CHP_TA_005,OPG,OPG+,,False,
OBS_000433,2024-12-21,6,MRA,MRA_ROL_03,MRA_ROL_03,MRA_TA_006,OPG,OPG+,,False,
OBS_000434,2024-12-21,6,MRA,MRA_ROL_07,MRA_ROL_07,MRA_TA_021,OPG,OPG+,,False,
OBS_000435,2024-12-21,6,MRA,MRA_ROL_06,MRA_ROL_06,MRA_TA_006,OPG,OPG+,,False,
OBS_000439,2024-12-21,6,PLC,PLC_ROL_12,PLC_ROL_12,PLC_TA_019,OPG,OPG+,,False,
OBS_000440,2024-12-21,6,STM,STM_ROL_01,STM_ROL_01,STM_TA_006,OPG,OPG+,,False,
OBS_000441,2024-12-21,6,STM,STM_ROL_04,STM_ROL_04,STM_TA_019,OPG,OPG-,,False,
OBS_000442,2024-12-21,6,STM,STM_ROL_08,STM_ROL_08,STM_TA_005,OPG,OPG+,,False,
OBS_001016,2024-12-21,6,STM,STM_ROL_02,STM_ROL_01,STM_TA_004,OCC,OCC+,R03,True,R03CP05
OBS_000443,2024-12-21,6,TME,TME_ROL_04,TME_ROL_04,TME_TA_012,OPG,OPG+,,False,
OBS_000446,2024-12-22,6,CHP,CHP_ROL_04,CHP_ROL_04,CHP_TA_003,OPG,OPG+,,False,
OBS_001029,2024-12-22,6,CHP,CHP_ROL_01,CHP_ROL_03,CHP_TA_016,OCC,OCC+,R02,True,R02CM04
OBS_000444,2024-12-22,6,MRA,MRA_ROL_02,MRA_ROL_02,MRA_TA_022,OPG,OPG+,,False,
OBS_000445,2024-12-22,6,MRA,MRA_ROL_06,MRA_ROL_06,MRA_TA_015,OPG,OPG-,,False,
OBS_001024,2024-12-22,6,MRA,MRA_ROL_04,MRA_ROL_01,MRA_TA_004,OCC,OCC+,R01,True,R01CP04
OBS_000447,2024-12-22,6,PLC,PLC_ROL_12,PLC_ROL_12,PLC_TA_001,OPG,OPG-,,False,
OBS_000448,2024-12-22,6,STM,STM_ROL_07,STM_ROL_07,STM_TA_006,OPG,OPG+,,False,
OBS_000449,2024-12-22,6,STM,STM_ROL_08,STM_ROL_08,STM_TA_013,OPG,OPG+,,False,
OBS_000450,2024-12-22,6,TME,TME_ROL_02,TME_ROL_02,TME_TA_016,OPG,OPG+,,False,
OBS_000451,2024-12-22,6,TME,TME_ROL_04,TME_ROL_04,TME_TA_006,OPG,OPG+,,False,
OBS_001018,2024-12-22,6,TME,TME_ROL_01,TME_ROL_02,TME_TA_010,OCC,OCC-,R03,True,R03CP06
OBS_000454,2024-12-23,7,CHP,CHP_ROL_03,CHP_ROL_03,CHP_TA_003,OPG,OPG+,,False,
OBS_000455,2024-12-23,7,CHP,CHP_ROL_02,CHP_ROL_02,CHP_TA_011,OPG,OPG+,,False,
OBS_000452,2024-12-23,7,MRA,MRA_ROL_05,MRA_ROL_05,MRA_TA_001,OPG,OPG+,,False,
OBS_000453,2024-12-23,7,MRA,MRA_ROL_02,MRA_ROL_02,MRA_TA_003,OPG,OPG+,,False,
OBS_001040,2024-12-23,7,MRA,MRA_ROL_06,MRA_ROL_08,MRA_TA_002,OCC,OCC-,R02,True,R02CC03
OBS_000456,2024-12-23,7,PLC,PLC_ROL_08,PLC_ROL_08,PLC_TA_001,OPG,OPG+,,False,
OBS_000457,2024-12-23,7,PLC,PLC_ROL_11,PLC_ROL_11,PLC_TA_006,OPG,OPG+,,False,
OBS_000458,2024-12-23,7,PLC,PLC_ROL_07,PLC_ROL_07,PLC_TA_006,OPG,OPG-,,False,
OBS_000459,2024-12-23,7,STM,STM_ROL_04,STM_ROL_04,STM_TA_007,OPG,OPG+,,False,
OBS_000460,2024-12-23,7,STM,STM_ROL_05,STM_ROL_05,STM_TA_010,OPG,OPG+,,False,
OBS_000461,2024-12-23,7,TME,TME_ROL_01,TME_ROL_01,TME_TA_013,OPG,OPG+,,False,
OBS_001041,2024-12-23,7,TME,TME_ROL_01,TME_ROL_05,TME_TA_007,OCC,OCC+,R02,True,R02CP04
OBS_000465,2024-12-24,7,CHP,CHP_ROL_03,CHP_ROL_03,CHP_TA_010,OPG,OPG+,,False,
OBS_000462,2024-12-24,7,MRA,MRA_ROL_03,MRA_ROL_03,MRA_TA_002,OPG,OPG+,,False,
OBS_000463,2024-12-24,7,MRA,MRA_ROL_07,MRA_ROL_07,MRA_TA_003,OPG,OPG+,,False,
OBS_000464,2024-12-24,7,MRA,MRA_ROL_08,MRA_ROL_08,MRA_TA_007,OPG,OPG-,,False,
OBS_001043,2024-12-24,7,MRA,MRA_ROL_04,MRA_ROL_06,MRA_TA_018,OCC,OCC+,R01,True,R01CC04
OBS_000466,2024-12-24,7,PLC,PLC_ROL_02,PLC_ROL_02,PLC_TA_010,OPG,OPG+,,False,
OBS_000467,2024-12-24,7,PLC,PLC_ROL_08,PLC_ROL_08,PLC_TA_016,OPG,OPG+,,False,
OBS_000468,2024-12-24,7,STM,STM_ROL_02,STM_ROL_02,STM_TA_018,OPG,OPG+,,False,
OBS_000469,2024-12-24,7,STM,STM_ROL_06,STM_ROL_06,STM_TA_013,OPG,OPG+,,False,
OBS_001030,2024-12-24,7,STM,STM_ROL_08,STM_ROL_07,STM_TA_002,OCC,OCC-,R03,True,R03CP05
OBS_001034,2024-12-24,7,STM,STM_ROL_06,STM_ROL_01,STM_TA_009,OCC,OCC-,R03,True,R03CP04
OBS_000470,2024-12-24,7,TME,TME_ROL_01,TME_ROL_01,TME_TA_009,OPG,OPG+,,False,
OBS_000471,2024-12-24,7,TME,TME_ROL_05,TME_ROL_05,TME_TA_008,OPG,OPG+,,False,
OBS_000476,2024-12-25,7,CHP,CHP_ROL_09,CHP_ROL_09,CHP_TA_016,OPG,OPG+,,False,
OBS_000477,2024-12-25,7,CHP,CHP_ROL_04,CHP_ROL_04,CHP_TA_016,OPG,OPG+,,False,
OBS_001042,2024-12-25,7,CHP,CHP_ROL_08,CHP_ROL_02,CHP_TA_009,OCC,OCC+,R02,True,R02CP05
OBS_000472,2024-12-25,7,MRA,MRA_ROL_01,MRA_ROL_01,MRA_TA_005,OPG,OPG+,,False,
OBS_000473,2024-12-25,7,MRA,MRA_ROL_02,MRA_ROL_02,MRA_TA_003,OPG,OPG+,,False,
OBS_000474,2024-12-25,7,MRA,MRA_ROL_07,MRA_ROL_07,MRA_TA_019,OPG,OPG+,,False,
OBS_000475,2024-12-25,7,MRA,MRA_ROL_01,MRA_ROL_01,MRA_TA_013,OPG,OPG+,,False,
OBS_001044,2024-12-25,7,MRA,MRA_ROL_04,MRA_ROL_03,MRA_TA_003,OCC,OCC-,R01,True,R01CP04
OBS_000478,2024-12-25,7,PLC,PLC_ROL_12,PLC_ROL_12,PLC_TA_002,OPG,OPG+,,False,
OBS_000479,2024-12-25,7,PLC,PLC_ROL_09,PLC_ROL_09,PLC_TA_019,OPG,OPG+,,False,
OBS_001033,2024-12-25,7,PLC,PLC_ROL_10,PLC_ROL_10,PLC_TA_013,OCC,OCC+,R03,True,R03CC06
OBS_000480,2024-12-25,7,STM,STM_ROL_03,STM_ROL_03,STM_TA_004,OPG,OPG+,,False,
OBS_000481,2024-12-25,7,STM,STM_ROL_08,STM_ROL_08,STM_TA_006,OPG,OPG+,,False,
OBS_000482,2024-12-25,7,STM,STM_ROL_03,STM_ROL_03,STM_TA_007,OPG,OPG+,,False,
OBS_000483,2024-12-25,7,TME,TME_ROL_01,TME_ROL_01,TME_TA_014,OPG,OPG-,,False,
OBS_001045,2024-12-25,7,TME,TME_ROL_01,TME_ROL_03,TME_TA_001,OCC,OCC+,R01,True,R01CM03
OBS_000488,2024-12-26,7,CHP,CHP_ROL_09,CHP_ROL_09,CHP_TA_015,OPG,OPG+,,False,
OBS_000489,2024-12-26,7,CHP,CHP_ROL_01,CHP_ROL_01,CHP_TA_020,OPG,OPG+,,False,
OBS_000484,2024-12-26,7,MRA,MRA_ROL_07,MRA_ROL_07,MRA_TA_007,OPG,OPG+,,False,
OBS_000485,2024-12-26,7,MRA,MRA_ROL_03,MRA_ROL_03,MRA_TA_020,OPG,OPG+,,False,
OBS_000486,2024-12-26,7,MRA,MRA_ROL_02,MRA_ROL_02,MRA_TA_003,OPG,OPG+,,False,
OBS_000487,2024-12-26,7,MRA,MRA_ROL_07,MRA_ROL_07,MRA_TA_018,OPG,OPG+,,False,
OBS_001035,2024-12-26,7,MRA,MRA_ROL_08,MRA_ROL_05,MRA_TA_007,OCC,OCC-,R03,True,R03CP06
OBS_000490,2024-12-26,7,PLC,PLC_ROL_02,PLC_ROL_02,PLC_TA_014,OPG,OPG+,,False,
OBS_000491,2024-12-26,7,PLC,PLC_ROL_10,PLC_ROL_10,PLC_TA_019,OPG,OPG+,,False,
OBS_000492,2024-12-26,7,STM,STM_ROL_02,STM_ROL_02,STM_TA_019,OPG,OPG+,,False,
OBS_000493,2024-12-26,7,TME,TME_ROL_06,TME_ROL_06,TME_TA_014,OPG,OPG+,,False,
OBS_000494,2024-12-26,7,TME,TME_ROL_08,TME_ROL_08,TME_TA_016,OPG,OPG-,,False,
OBS_000498,2024-12-27,7,CHP,CHP_ROL_05,CHP_ROL_05,CHP_TA_012,OPG,OPG-,,False,
OBS_000499,2024-12-27,7,CHP,CHP_ROL_05,CHP_ROL_05,CHP_TA_010,OPG,OPG+,,False,
OBS_001036,2024-12-27,7,CHP,CHP_ROL_04,CHP_ROL_02,CHP_TA_015,OCC,OCC+,R03,True,R03CC02
OBS_000495,2024-12-27,7,MRA,MRA_ROL_07,MRA_ROL_07,MRA_TA_005,OPG,OPG+,,False,
OBS_000496,2024-12-27,7,MRA,MRA_ROL_07,MRA_ROL_07,MRA_TA_002,OPG,OPG+,,False,
OBS_000497,2024-12-27,7,MRA,MRA_ROL_06,MRA_ROL_06,MRA_TA_008,OPG,OPG-,,False,
OBS_001037,2024-12-27,7,MRA,MRA_ROL_04,MRA_ROL_06,MRA_TA_016,OCC,OCC+,R03,True,R03CC05
OBS_000500,2024-12-27,7,PLC,PLC_ROL_12,PLC_ROL_12,PLC_TA_004,OPG,OPG+,,False,
OBS_000501,2024-12-27,7,PLC,PLC_ROL_04,PLC_ROL_04,PLC_TA_005,OPG,OPG+,,False,
OBS_000502,2024-12-27,7,STM,STM_ROL_08,STM_ROL_08,STM_TA_011,OPG,OPG+,,False,
OBS_000503,2024-12-27,7,STM,STM_ROL_07,STM_ROL_07,STM_TA_003,OPG,OPG+,,False,
OBS_000504,2024-12-27,7,STM,STM_ROL_04,STM_ROL_04,STM_TA_014,OPG,OPG+,,False,
OBS_000505,2024-12-27,7,TME,TME_ROL_06,TME_ROL_06,TME_TA_002,OPG,OPG+,,False,
OBS_000506,2024-12-27,7,TME,TME_ROL_03,TME_ROL_03,TME_TA_003,OPG,OPG+,,False,
OBS_000507,2024-12-27,7,TME,TME_ROL_07,TME_ROL_07,TME_TA_005,OPG,OPG+,,False,
OBS_000512,2024-12-28,7,CHP,CHP_ROL_09,CHP_ROL_09,CHP_TA_013,OPG,OPG+,,False,
OBS_000513,2024-12-28,7,CHP,CHP_ROL_02,CHP_ROL_02,CHP_TA_001,OPG,OPG+,,False,
OBS_000508,2024-12-28,7,MRA,MRA_ROL_01,MRA_ROL_01,MRA_TA_006,OPG,OPG+,,False,
OBS_000509,2024-12-28,7,MRA,MRA_ROL_04,MRA_ROL_04,MRA_TA_002,OPG,OPG+,,False,
OBS_000510,2024-12-28,7,MRA,MRA_ROL_08,MRA_ROL_08,MRA_TA_002,OPG,OPG+,,False,
OBS_000511,2024-12-28,7,MRA,MRA_ROL_04,MRA_ROL_04,MRA_TA_009,OPG,OPG+,,False,
OBS_000514,2024-12-28,7,PLC,PLC_ROL_10,PLC_ROL_10,PLC_TA_015,OPG,OPG+,,False,
OBS_000515,2024-12-28,7,PLC,PLC_ROL_08,PLC_ROL_08,PLC_TA_019,OPG,OPG+,,False,
OBS_001038,2024-12-28,7,PLC,PLC_ROL_03,PLC_ROL_02,PLC_TA_017,OCC,OCC+,R02,True,R02CP05
OBS_001039,2024-12-28,7,PLC,PLC_ROL_08,PLC_ROL_07,PLC_TA_017,OCC,OCC+,R02,True,R02CC02
OBS_000516,2024-12-28,7,STM,STM_ROL_03,STM_ROL_03,STM_TA_009,OPG,OPG+,,False,
OBS_000517,2024-12-28,7,STM,STM_ROL_02,STM_ROL_02,STM_TA_010,OPG,OPG-,,False,
OBS_000518,2024-12-28,7,TME,TME_ROL_03,TME_ROL_03,TME_TA_007,OPG,OPG+,,False,
OBS_000523,2024-12-29,7,CHP,CHP_ROL_05,CHP_ROL_05,CHP_TA_020,OPG,OPG+,,False,
OBS_000519,2024-12-29,7,MRA,MRA_ROL_04,MRA_ROL_04,MRA_TA_022,OPG,OPG+,,False,
OBS_000520,2024-12-29,7,MRA,MRA_ROL_07,MRA_ROL_07,MRA_TA_017,OPG,OPG-,,False,
OBS_000521,2024-12-29,7,MRA,MRA_ROL_01,MRA_ROL_01,MRA_TA_016,OPG,OPG+,,False,
OBS_000522,2024-12-29,7,MRA,MRA_ROL_03,MRA_ROL_03,MRA_TA_020,OPG,OPG+,,False,
OBS_000524,2024-12-29,7,PLC,PLC_ROL_12,PLC_ROL_12,PLC_TA_009,OPG,OPG+,,False,
OBS_000525,2024-12-29,7,PLC,PLC_ROL_07,PLC_ROL_07,PLC_TA_012,OPG,OPG+,,False,
OBS_001032,2024-12-29,7,PLC,PLC_ROL_03,PLC_ROL_05,PLC_TA_001,OCC,OCC-,R03,True,R03CC03
OBS_000526,2024-12-29,7,STM,STM_ROL_08,STM_ROL_08,STM_TA_010,OPG,OPG+,,False,
OBS_000527,2024-12-29,7,TME,TME_ROL_07,TME_ROL_07,TME_TA_004,OPG,OPG-,,False,
OBS_000528,2024-12-29,7,TME,TME_ROL_06,TME_ROL_06,TME_TA_010,OPG,OPG+,,False,
OBS_000529,2024-12-29,7,TME,TME_ROL_02,TME_ROL_02,TME_TA_016,OPG,OPG-,,False,
OBS_001031,2024-12-29,7,TME,TME_ROL_01,TME_ROL_04,TME_TA_011,OCC,OCC+,R03,True,R03CP05
OBS_000533,2024-12-30,8,CHP,CHP_ROL_07,CHP_ROL_07,CHP_TA_011,OPG,OPG+,,False,
OBS_000534,2024-12-30,8,CHP,CHP_ROL_01,CHP_ROL_01,CHP_TA_016,OPG,OPG+,,False,
OBS_000535,2024-12-30,8,CHP,CHP_ROL_05,CHP_ROL_05,CHP_TA_014,OPG,OPG+,,False,
OBS_000530,2024-12-30,8,MRA,MRA_ROL_06,MRA_ROL_06,MRA_TA_009,OPG,OPG+,,False,
OBS_000531,2024-12-30,8,MRA,MRA_ROL_05,MRA_ROL_05,MRA_TA_007,OPG,OPG+,,False,
OBS_000532,2024-12-30,8,MRA,MRA_ROL_04,MRA_ROL_04,MRA_TA_002,OPG,OPG+,,False,
OBS_001060,2024-12-30,8,MRA,MRA_ROL_03,MRA_ROL_03,MRA_TA_015,OCC,OCC+,R01,True,R01CC01
OBS_000536,2024-12-30,8,PLC,PLC_ROL_01,PLC_ROL_01,PLC_TA_019,OPG,OPG+,,False,
OBS_000537,2024-12-30,8,PLC,PLC_ROL_10,PLC_ROL_10,PLC_TA_007,OPG,OPG+,,False,
OBS_000538,2024-12-30,8,PLC,PLC_ROL_12,PLC_ROL_12,PLC_TA_008,OPG,OPG+,,False,
OBS_000539,2024-12-30,8,STM,STM_ROL_08,STM_ROL_08,STM_TA_012,OPG,OPG+,,False,
OBS_000540,2024-12-30,8,STM,STM_ROL_03,STM_ROL_03,STM_TA_018,OPG,OPG+,,False,
OBS_000541,2024-12-30,8,STM,STM_ROL_02,STM_ROL_02,STM_TA_016,OPG,OPG-,,False,
OBS_001059,2024-12-30,8,STM,STM_ROL_06,STM_ROL_08,STM_TA_002,OCC,OCC+,R01,True,R01CM01
OBS_000542,2024-12-30,8,TME,TME_ROL_03,TME_ROL_03,TME_TA_011,OPG,OPG+,,False,
OBS_000543,2024-12-30,8,TME,TME_ROL_04,TME_ROL_04,TME_TA_012,OPG,OPG+,,False,
OBS_001052,2024-12-30,8,TME,TME_ROL_03,TME_ROL_05,TME_TA_012,OCC,OCC+,R03,True,R03CM03
OBS_000547,2024-12-31,8,CHP,CHP_ROL_02,CHP_ROL_02,CHP_TA_016,OPG,OPG+,,False,
OBS_000548,2024-12-31,8,CHP,CHP_ROL_09,CHP_ROL_09,CHP_TA_004,OPG,OPG+,,False,
OBS_000549,2024-12-31,8,CHP,CHP_ROL_07,CHP_ROL_07,CHP_TA_017,OPG,OPG+,,False,
OBS_000544,2024-12-31,8,MRA,MRA_ROL_07,MRA_ROL_07,MRA_TA_011,OPG,OPG+,,False,
OBS_000545,2024-12-31,8,MRA,MRA_ROL_05,MRA_ROL_05,MRA_TA_015,OPG,OPG+,,False,
OBS_000546,2024-12-31,8,MRA,MRA_ROL_08,MRA_ROL_08,MRA_TA_002,OPG,OPG+,,False,
OBS_000550,2024-12-31,8,PLC,PLC_ROL_03,PLC_ROL_03,PLC_TA_005,OPG,OPG+,,False,
OBS_000551,2024-12-31,8,STM,STM_ROL_07,STM_ROL_07,STM_TA_019,OPG,OPG+,,False,
OBS_000552,2024-12-31,8,STM,STM_ROL_08,STM_ROL_08,STM_TA_005,OPG,OPG+,,False,
OBS_001056,2024-12-31,8,STM,STM_ROL_06,STM_ROL_04,STM_TA_006,OCC,OCC+,R02,True,R02CM02
OBS_000553,2024-12-31,8,TME,TME_ROL_03,TME_ROL_03,TME_TA_003,OPG,OPG+,,False,
OBS_000554,2024-12-31,8,TME,TME_ROL_03,TME_ROL_03,TME_TA_011,OPG,OPG+,,False,
OBS_000555,2024-12-31,8,TME,TME_ROL_01,TME_ROL_01,TME_TA_015,OPG,OPG+,,False,
OBS_000558,2025-01-01,8,CHP,CHP_ROL_07,CHP_ROL_07,CHP_TA_013,OPG,OPG+,,False,
OBS_000559,2025-01-01,8,CHP,CHP_ROL_08,CHP_ROL_08,CHP_TA_013,OPG,OPG-,,False,
OBS_000560,2025-01-01,8,CHP,CHP_ROL_09,CHP_ROL_09,CHP_TA_007,OPG,OPG+,,False,
OBS_000556,2025-01-01,8,MRA,MRA_ROL_03,MRA_ROL_03,MRA_TA_016,OPG,OPG+,,False,
OBS_000557,2025-01-01,8,MRA,MRA_ROL_02,MRA_ROL_02,MRA_TA_005,OPG,OPG+,,False,
OBS_000561,2025-01-01,8,PLC,PLC_ROL_06,PLC_ROL_06,PLC_TA_017,OPG,OPG+,,False,
OBS_000562,2025-01-01,8,STM,STM_ROL_01,STM_ROL_01,STM_TA_008,OPG,OPG+,,False,
OBS_000563,2025-01-01,8,STM,STM_ROL_06,STM_ROL_06,STM_TA_010,OPG,OPG-,,False,
OBS_000564,2025-01-01,8,STM,STM_ROL_07,STM_ROL_07,STM_TA_017,OPG,OPG+,,False,
OBS_000565,2025-01-01,8,TME,TME_ROL_02,TME_ROL_02,TME_TA_002,OPG,OPG+,,False,
OBS_000569,2025-01-02,8,CHP,CHP_ROL_06,CHP_ROL_06,CHP_TA_007,OPG,OPG+,,False,
OBS_000570,2025-01-02,8,CHP,CHP_ROL_07,CHP_ROL_07,CHP_TA_001,OPG,OPG+,,False,
OBS_001047,2025-01-02,8,CHP,CHP_ROL_06,CHP_ROL_05,CHP_TA_011,OCC,OCC+,R03,True,R03CM03
OBS_001050,2025-01-02,8,CHP,CHP_ROL_06,CHP_ROL_07,CHP_TA_006,OCC,OCC+,R03,True,R03CP03
OBS_000566,2025-01-02,8,MRA,MRA_ROL_08,MRA_ROL_08,MRA_TA_017,OPG,OPG+,,False,
OBS_000567,2025-01-02,8,MRA,MRA_ROL_06,MRA_ROL_06,MRA_TA_014,OPG,OPG+,,False,
OBS_000568,2025-01-02,8,MRA,MRA_ROL_03,MRA_ROL_03,MRA_TA_011,OPG,OPG+,,False,
OBS_000571,2025-01-02,8,PLC,PLC_ROL_03,PLC_ROL_03,PLC_TA_007,OPG,OPG+,,False,
OBS_000572,2025-01-02,8,PLC,PLC_ROL_10,PLC_ROL_10,PLC_TA_017,OPG,OPG+,,False,
OBS_000573,2025-01-02,8,PLC,PLC_ROL_06,PLC_ROL_06,PLC_TA_002,OPG,OPG+,,False,
OBS_001046,2025-01-02,8,PLC,PLC_ROL_01,PLC_ROL_02,PLC_TA_014,OCC,OCC+,R03,True,R03CM01
OBS_000574,2025-01-02,8,STM,STM_ROL_05,STM_ROL_05,STM_TA_018,OPG,OPG+,,False,
OBS_000575,2025-01-02,8,STM,STM_ROL_01,STM_ROL_01,STM_TA_004,OPG,OPG+,,False,
OBS_000576,2025-01-02,8,STM,STM_ROL_01,STM_ROL_01,STM_TA_002,OPG,OPG+,,False,
OBS_000577,2025-01-02,8,TME,TME_ROL_08,TME_ROL_08,TME_TA_013,OPG,OPG-,,False,
OBS_000578,2025-01-02,8,TME,TME_ROL_05,TME_ROL_05,TME_TA_016,OPG,OPG+,,False,
OBS_000581,2025-01-03,8,CHP,CHP_ROL_03,CHP_ROL_03,CHP_TA_014,OPG,OPG+,,False,
OBS_000582,2025-01-03,8,CHP,CHP_ROL_02,CHP_ROL_02,CHP_TA_017,OPG,OPG+,,False,
OBS_000583,2025-01-03,8,CHP,CHP_ROL_02,CHP_ROL_02,CHP_TA_010,OPG,OPG-,,False,
OBS_001055,2025-01-03,8,CHP,CHP_ROL_07,CHP_ROL_02,CHP_TA_011,OCC,OCC+,R02,True,R02CM04
OBS_000579,2025-01-03,8,MRA,MRA_ROL_01,MRA_ROL_01,MRA_TA_010,OPG,OPG+,,False,
OBS_000580,2025-01-03,8,MRA,MRA_ROL_02,MRA_ROL_02,MRA_TA_022,OPG,OPG+,,False,
OBS_001058,2025-01-03,8,MRA,MRA_ROL_07,MRA_ROL_02,MRA_TA_020,OCC,OCC+,R02,True,R02CP04
OBS_001061,2025-01-03,8,MRA,MRA_ROL_04,MRA_ROL_04,MRA_TA_022,OCC,OCC+,R01,True,R01CM03
OBS_000584,2025-01-03,8,PLC,PLC_ROL_08,PLC_ROL_08,PLC_TA_007,OPG,OPG+,,False,
OBS_000585,2025-01-03,8,STM,STM_ROL_04,STM_ROL_04,STM_TA_012,OPG,OPG+,,False,
OBS_000586,2025-01-03,8,STM,STM_ROL_05,STM_ROL_05,STM_TA_006,OPG,OPG-,,False,
OBS_001053,2025-01-03,8,STM,STM_ROL_02,STM_ROL_06,STM_TA_018,OCC,OCC+,R03,True,R03CM01
OBS_000587,2025-01-03,8,TME,TME_ROL_04,TME_ROL_04,TME_TA_016,OPG,OPG+,,False,
OBS_000588,2025-01-03,8,TME,TME_ROL_01,TME_ROL_01,TME_TA_001,OPG,OPG+,,False,
OBS_000591,2025-01-04,8,CHP,CHP_ROL_04,CHP_ROL_04,CHP_TA_015,OPG,OPG+,,False,
OBS_000592,2025-01-04,8,CHP,CHP_ROL_05,CHP_ROL_05,CHP_TA_009,OPG,OPG+,,False,
OBS_000593,2025-01-04,8,CHP,CHP_ROL_02,CHP_ROL_02,CHP_TA_006,OPG,OPG+,,False,
OBS_000589,2025-01-04,8,MRA,MRA_ROL_08,MRA_ROL_08,MRA_TA_005,OPG,OPG+,,False,
OBS_000590,2025-01-04,8,MRA,MRA_ROL_02,MRA_ROL_02,MRA_TA_004,OPG,OPG+,,False,
OBS_001054,2025-01-04,8,MRA,MRA_ROL_07,MRA_ROL_07,MRA_TA_008,OCC,OCC+,R02,True,R02CM03
OBS_000594,2025-01-04,8,PLC,PLC_ROL_06,PLC_ROL_06,PLC_TA_011,OPG,OPG+,,False,
OBS_000595,2025-01-04,8,PLC,PLC_ROL_02,PLC_ROL_02,PLC_TA_004,OPG,OPG+,,False,
OBS_001051,2025-01-04,8,PLC,PLC_ROL_08,PLC_ROL_08,PLC_TA_001,OCC,OCC+,R03,True,R03CP05
OBS_000596,2025-01-04,8,STM,STM_ROL_01,STM_ROL_01,STM_TA_005,OPG,OPG+,,False,
OBS_001057,2025-01-04,8,STM,STM_ROL_02,STM_ROL_08,STM_TA_011,OCC,OCC-,R02,True,R02CM04
OBS_000597,2025-01-04,8,TME,TME_ROL_06,TME_ROL_06,TME_TA_012,OPG,OPG+,,False,
OBS_000602,2025-01-05,8,CHP,CHP_ROL_03,CHP_ROL_03,CHP_TA_004,OPG,OPG-,,False,
OBS_000603,2025-01-05,8,CHP,CHP_ROL_01,CHP_ROL_01,CHP_TA_006,OPG,OPG-,,False,
OBS_000604,2025-01-05,8,CHP,CHP_ROL_08,CHP_ROL_08,CHP_TA_019,OPG,OPG+,,False,
OBS_001048,2025-01-05,8,CHP,CHP_ROL_08,CHP_ROL_03,CHP_TA_003,OCC,OCC-,R03,True,R03CC03
OBS_000598,2025-01-05,8,MRA,MRA_ROL_05,MRA_ROL_05,MRA_TA_003,OPG,OPG+,,False,
OBS_000599,2025-01-05,8,MRA,MRA_ROL_06,MRA_ROL_06,MRA_TA_006,OPG,OPG-,,False,
OBS_000600,2025-01-05,8,MRA,MRA_ROL_07,MRA_ROL_07,MRA_TA_015,OPG,OPG+,,False,
OBS_000601,2025-01-05,8,MRA,MRA_ROL_07,MRA_ROL_07,MRA_TA_016,OPG,OPG+,,False,
OBS_000605,2025-01-05,8,PLC,PLC_ROL_10,PLC_ROL_10,PLC_TA_013,OPG,OPG+,,False,
OBS_001049,2025-01-05,8,PLC,PLC_ROL_08,PLC_ROL_05,PLC_TA_015,OCC,OCC+,R03,True,R03CC04
OBS_000606,2025-01-05,8,STM,STM_ROL_01,STM_ROL_01,STM_TA_005,OPG,OPG+,,False,
OBS_000607,2025-01-05,8,STM,STM_ROL_08,STM_ROL_08,STM_TA_004,OPG,OPG+,,False,
OBS_000608,2025-01-05,8,STM,STM_ROL_08,STM_ROL_08,STM_TA_002,OPG,OPG-,,False,
OBS_000609,2025-01-05,8,TME,TME_ROL_06,TME_ROL_06,TME_TA_001,OPG,OPG+,,False,
OBS_000610,2025-01-05,8,TME,TME_ROL_04,TME_ROL_04,TME_TA_011,OPG,OPG+,,False,
OBS_000611,2025-01-05,8,TME,TME_ROL_02,TME_ROL_02,TME_TA_014,OPG,OPG+,,False,
OBS_000614,2025-01-06,9,CHP,CHP_ROL_01,CHP_ROL_01,CHP_TA_001,OPG,OPG+,,False,
OBS_000615,2025-01-06,9,CHP,CHP_ROL_03,CHP_ROL_03,CHP_TA_017,OPG,OPG+,,False,
OBS_000616,2025-01-06,9,CHP,CHP_ROL_08,CHP_ROL_08,CHP_TA_006,OPG,OPG-,,False,
OBS_000612,2025-01-06,9,MRA,MRA_ROL_08,MRA_ROL_08,MRA_TA_012,OPG,OPG+,,False,
OBS_000613,2025-01-06,9,MRA,MRA_ROL_07,MRA_ROL_07,MRA_TA_005,OPG,OPG+,,False,
OBS_000617,2025-01-06,9,PLC,PLC_ROL_06,PLC_ROL_06,PLC_TA_008,OPG,OPG+,,False,
OBS_000618,2025-01-06,9,PLC,PLC_ROL_05,PLC_ROL_05,PLC_TA_002,OPG,OPG+,,False,
OBS_001065,2025-01-06,9,PLC,PLC_ROL_07,PLC_ROL_12,PLC_TA_019,OCC,OCC-,R03,True,R03CP02
OBS_001073,2025-01-06,9,PLC,PLC_ROL_02,PLC_ROL_10,PLC_TA_016,OCC,OCC+,R02,True,R02CP06
OBS_000619,2025-01-06,9,STM,STM_ROL_07,STM_ROL_07,STM_TA_013,OPG,OPG+,,False,
OBS_000620,2025-01-06,9,STM,STM_ROL_02,STM_ROL_02,STM_TA_015,OPG,OPG+,,False,
OBS_000621,2025-01-06,9,STM,STM_ROL_08,STM_ROL_08,STM_TA_003,OPG,OPG+,,False,
OBS_000622,2025-01-06,9,TME,TME_ROL_06,TME_ROL_06,TME_TA_004,OPG,OPG+,,False,
OBS_000623,2025-01-06,9,TME,TME_ROL_01,TME_ROL_01,TME_TA_004,OPG,OPG+,,False,
OBS_000626,2025-01-07,9,CHP,CHP_ROL_08,CHP_ROL_08,CHP_TA_011,OPG,OPG+,,False,
OBS_000627,2025-01-07,9,CHP,CHP_ROL_01,CHP_ROL_01,CHP_TA_008,OPG,OPG+,,False,
OBS_000628,2025-01-07,9,CHP,CHP_ROL_06,CHP_ROL_06,CHP_TA_018,OPG,OPG+,,False,
OBS_001068,2025-01-07,9,CHP,CHP_ROL_03,CHP_ROL_01,CHP_TA_003,OCC,OCC-,R03,True,R03CC05
OBS_000624,2025-01-07,9,MRA,MRA_ROL_01,MRA_ROL_01,MRA_TA_003,OPG,OPG+,,False,
OBS_000625,2025-01-07,9,MRA,MRA_ROL_05,MRA_ROL_05,MRA_TA_017,OPG,OPG+,,False,
OBS_000629,2025-01-07,9,PLC,PLC_ROL_08,PLC_ROL_08,PLC_TA_012,OPG,OPG+,,False,
OBS_000630,2025-01-07,9,PLC,PLC_ROL_02,PLC_ROL_02,PLC_TA_004,OPG,OPG+,,False,
OBS_000631,2025-01-07,9,PLC,PLC_ROL_04,PLC_ROL_04,PLC_TA_001,OPG,OPG+,,False,
OBS_000632,2025-01-07,9,STM,STM_ROL_05,STM_ROL_05,STM_TA_018,OPG,OPG+,,False,
OBS_000633,2025-01-07,9,STM,STM_ROL_02,STM_ROL_02,STM_TA_002,OPG,OPG+,,False,
OBS_000634,2025-01-07,9,STM,STM_ROL_08,STM_ROL_08,STM_TA_005,OPG,OPG+,,False,
OBS_001067,2025-01-07,9,STM,STM_ROL_07,STM_ROL_06,STM_TA_014,OCC,OCC+,R03,True,R03CP01
OBS_001070,2025-01-07,9,STM,STM_ROL_07,STM_ROL_03,STM_TA_015,OCC,OCC+,R02,True,R02CM03
OBS_000635,2025-01-07,9,TME,TME_ROL_07,TME_ROL_07,TME_TA_004,OPG,OPG+,,False,
OBS_000636,2025-01-07,9,TME,TME_ROL_04,TME_ROL_04,TME_TA_007,OPG,OPG-,,False,
OBS_000637,2025-01-07,9,TME,TME_ROL_07,TME_ROL_07,TME_TA_007,OPG,OPG+,,False,
OBS_000640,2025-01-08,9,CHP,CHP_ROL_02,CHP_ROL_02,CHP_TA_015,OPG,OPG+,,False,
OBS_000641,2025-01-08,9,CHP,CHP_ROL_09,CHP_ROL_09,CHP_TA_005,OPG,OPG+,,False,
OBS_000642,2025-01-08,9,CHP,CHP_ROL_01,CHP_ROL_01,CHP_TA_017,OPG,OPG+,,False,
OBS_001062,2025-01-08,9,CHP,CHP_ROL_07,CHP_ROL_06,CHP_TA_003,OCC,OCC-,R03,True,R03CP04
OBS_000638,2025-01-08,9,MRA,MRA_ROL_06,MRA_ROL_06,MRA_TA_004,OPG,OPG+,,False,
OBS_000639,2025-01-08,9,MRA,MRA_ROL_01,MRA_ROL_01,MRA_TA_021,OPG,OPG+,,False,
OBS_000643,2025-01-08,9,PLC,PLC_ROL_07,PLC_ROL_07,PLC_TA_019,OPG,OPG+,,False,
OBS_000644,2025-01-08,9,PLC,PLC_ROL_09,PLC_ROL_09,PLC_TA_006,OPG,OPG+,,False,
OBS_000645,2025-01-08,9,PLC,PLC_ROL_03,PLC_ROL_03,PLC_TA_005,OPG,OPG-,,False,
OBS_001064,2025-01-08,9,PLC,PLC_ROL_12,PLC_ROL_09,PLC_TA_012,OCC,OCC-,R03,True,R03CC01
OBS_000646,2025-01-08,9,STM,STM_ROL_06,STM_ROL_06,STM_TA_017,OPG,OPG+,,False,
OBS_000647,2025-01-08,9,STM,STM_ROL_07,STM_ROL_07,STM_TA_008,OPG,OPG+,,False,
OBS_000648,2025-01-08,9,STM,STM_ROL_06,STM_ROL_06,STM_TA_010,OPG,OPG+,,False,
OBS_000649,2025-01-08,9,TME,TME_ROL_03,TME_ROL_03,TME_TA_014,OPG,OPG+,,False,
OBS_000654,2025-01-09,9,CHP,CHP_ROL_09,CHP_ROL_09,CHP_TA_018,OPG,OPG+,,False,
OBS_000650,2025-01-09,9,MRA,MRA_ROL_05,MRA_ROL_05,MRA_TA_018,OPG,OPG+,,False,
OBS_000651,2025-01-09,9,MRA,MRA_ROL_04,MRA_ROL_04,MRA_TA_007,OPG,OPG+,,False,
OBS_000652,2025-01-09,9,MRA,MRA_ROL_05,MRA_ROL_05,MRA_TA_022,OPG,OPG+,,False,
OBS_000653,2025-01-09,9,MRA,MRA_ROL_03,MRA_ROL_03,MRA_TA_021,OPG,OPG+,,False,
OBS_000655,2025-01-09,9,PLC,PLC_ROL_12,PLC_ROL_12,PLC_TA_004,OPG,OPG+,,False,
OBS_000656,2025-01-09,9,PLC,PLC_ROL_09,PLC_ROL_09,PLC_TA_016,OPG,OPG+,,False,
OBS_000657,2025-01-09,9,STM,STM_ROL_07,STM_ROL_07,STM_TA_018,OPG,OPG+,,False,
OBS_000658,2025-01-09,9,STM,STM_ROL_07,STM_ROL_07,STM_TA_001,OPG,OPG+,,False,
OBS_000659,2025-01-09,9,STM,STM_ROL_01,STM_ROL_01,STM_TA_013,OPG,OPG-,,False,
OBS_001066,2025-01-09,9,STM,STM_ROL_07,STM_ROL_07,STM_TA_018,OCC,OCC-,R03,True,R03CM01
OBS_000660,2025-01-09,9,TME,TME_ROL_01,TME_ROL_01,TME_TA_007,OPG,OPG+,,False,
OBS_000661,2025-01-09,9,TME,TME_ROL_03,TME_ROL_03,TME_TA_010,OPG,OPG+,,False,
OBS_000662,2025-01-09,9,TME,TME_ROL_03,TME_ROL_03,TME_TA_002,OPG,OPG+,,False,
OBS_001072,2025-01-09,9,TME,TME_ROL_05,TME_ROL_07,TME_TA_012,OCC,OCC+,R02,True,R02CP02
OBS_000666,2025-01-10,9,CHP,CHP_ROL_09,CHP_ROL_09,CHP_TA_010,OPG,OPG+,,False,
OBS_001071,2025-01-10,9,CHP,CHP_ROL_06,CHP_ROL_04,CHP_TA_006,OCC,OCC-,R02,True,R02CM01
OBS_000663,2025-01-10,9,MRA,MRA_ROL_04,MRA_ROL_04,MRA_TA_018,OPG,OPG-,,False,
OBS_000664,2025-01-10,9,MRA,MRA_ROL_08,MRA_ROL_08,MRA_TA_004,OPG,OPG+,,False,
OBS_000665,2025-01-10,9,MRA,MRA_ROL_04,MRA_ROL_04,MRA_TA_021,OPG,OPG+,,False,
OBS_001063,2025-01-10,9,MRA,MRA_ROL_03,MRA_ROL_05,MRA_TA_002,OCC,OCC-,R03,True,R03CM01
OBS_001075,2025-01-10,9,MRA,MRA_ROL_05,MRA_ROL_01,MRA_TA_011,OCC,OCC+,R01,True,R01CC03
OBS_000667,2025-01-10,9,PLC,PLC_ROL_07,PLC_ROL_07,PLC_TA_013,OPG,OPG+,,False,
OBS_000668,2025-01-10,9,STM,STM_ROL_06,STM_ROL_06,STM_TA_018,OPG,OPG-,,False,
OBS_000669,2025-01-10,9,STM,STM_ROL_05,STM_ROL_05,STM_TA_007,OPG,OPG+,,False,
OBS_000670,2025-01-10,9,STM,STM_ROL_08,STM_ROL_08,STM_TA_008,OPG,OPG+,,False,
OBS_001076,2025-01-10,9,STM,STM_ROL_06,STM_ROL_07,STM_TA_012,OCC,OCC+,R01,True,R01CM04
OBS_000671,2025-01-10,9,TME,TME_ROL_06,TME_ROL_06,TME_TA_007,OPG,OPG+,,False,
OBS_000672,2025-01-10,9,TME,TME_ROL_04,TME_ROL_04,TME_TA_010,OPG,OPG+,,False,
OBS_000673,2025-01-10,9,TME,TME_ROL_02,TME_ROL_02,TME_TA_006,OPG,OPG+,,False,
OBS_000678,2025-01-11,9,CHP,CHP_ROL_01,CHP_ROL_01,CHP_TA_005,OPG,OPG+,,False,
OBS_000674,2025-01-11,9,MRA,MRA_ROL_02,MRA_ROL_02,MRA_TA_013,OPG,OPG-,,False,
OBS_000675,2025-01-11,9,MRA,MRA_ROL_05,MRA_ROL_05,MRA_TA_018,OPG,OPG+,,False,
OBS_000676,2025-01-11,9,MRA,MRA_ROL_03,MRA_ROL_03,MRA_TA_019,OPG,OPG+,,False,
OBS_000677,2025-01-11,9,MRA,MRA_ROL_01,MRA_ROL_01,MRA_TA_011,OPG,OPG+,,False,
OBS_001069,2025-01-11,9,MRA,MRA_ROL_07,MRA_ROL_03,MRA_TA_003,OCC,OCC-,R03,True,R03CM04
OBS_001074,2025-01-11,9,MRA,MRA_ROL_08,MRA_ROL_02,MRA_TA_017,OCC,OCC-,R02,True,R02CP03
OBS_000679,2025-01-11,9,PLC,PLC_ROL_01,PLC_ROL_01,PLC_TA_010,OPG,OPG+,,False,
OBS_000680,2025-01-11,9,PLC,PLC_ROL_10,PLC_ROL_10,PLC_TA_018,OPG,OPG+,,False,
OBS_000681,2025-01-11,9,PLC,PLC_ROL_12,PLC_ROL_12,PLC_TA_011,OPG,OPG+,,False,
OBS_000682,2025-01-11,9,STM,STM_ROL_02,STM_ROL_02,STM_TA_017,OPG,OPG+,,False,
OBS_000683,2025-01-11,9,TME,TME_ROL_07,TME_ROL_07,TME_TA_003,OPG,OPG+,,False,
OBS_000684,2025-01-11,9,TME,TME_ROL_04,TME_ROL_04,TME_TA_011,OPG,OPG+,,False,
OBS_000685,2025-01-11,9,TME,TME_ROL_05,TME_ROL_05,TME_TA_007,OPG,OPG+,,False,
OBS_000690,2025-01-12,9,CHP,CHP_ROL_07,CHP_ROL_07,CHP_TA_004,OPG,OPG+,,False,
OBS_000691,2025-01-12,9,CHP,CHP_ROL_09,CHP_ROL_09,CHP_TA_010,OPG,OPG-,,False,
OBS_000686,2025-01-12,9,MRA,MRA_ROL_08,MRA_ROL_08,MRA_TA_018,OPG,OPG+,,False,
OBS_000687,2025-01-12,9,MRA,MRA_ROL_01,MRA_ROL_01,MRA_TA_004,OPG,OPG+,,False,
OBS_000688,2025-01-12,9,MRA,MRA_ROL_08,MRA_ROL_08,MRA_TA_008,OPG,OPG+,,False,
OBS_000689,2025-01-12,9,MRA,MRA_ROL_04,MRA_ROL_04,MRA_TA_002,OPG,OPG+,,False,
OBS_001077,2025-01-12,9,MRA,MRA_ROL_05,MRA_ROL_01,MRA_TA_021,OCC,OCC+,R01,True,R01CP04
OBS_000692,2025-01-12,9,PLC,PLC_ROL_06,PLC_ROL_06,PLC_TA_017,OPG,OPG+,,False,
OBS_000693,2025-01-12,9,PLC,PLC_ROL_08,PLC_ROL_08,PLC_TA_016,OPG,OPG-,,False,
OBS_000694,2025-01-12,9,PLC,PLC_ROL_11,PLC_ROL_11,PLC_TA_007,OPG,OPG+,,False,
OBS_000695,2025-01-12,9,STM,STM_ROL_02,STM_ROL_02,STM_TA_006,OPG,OPG+,,False,
OBS_000696,2025-01-12,9,TME,TME_ROL_01,TME_ROL_01,TME_TA_003,OPG,OPG+,,False,
OBS_000697,2025-01-12,9,TME,TME_ROL_04,TME_ROL_04,TME_TA_014,OPG,OPG+,,False,
OBS_000698,2025-01-12,9,TME,TME_ROL_04,TME_ROL_04,TME_TA_014,OPG,OPG+,,False,
OBS_000701,2025-01-13,10,CHP,CHP_ROL_03,CHP_ROL_03,CHP_TA_009,OPG,OPG+,,False,
OBS_001079,2025-01-13,10,CHP,CHP_ROL_05,CHP_ROL_03,CHP_TA_020,OCC,OCC+,R03,True,R03CP03
OBS_000699,2025-01-13,10,MRA,MRA_ROL_03,MRA_ROL_03,MRA_TA_001,OPG,OPG+,,False,
OBS_000700,2025-01-13,10,MRA,MRA_ROL_06,MRA_ROL_06,MRA_TA_002,OPG,OPG-,,False,
OBS_000702,2025-01-13,10,PLC,PLC_ROL_04,PLC_ROL_04,PLC_TA_009,OPG,OPG+,,False,
OBS_000703,2025-01-13,10,PLC,PLC_ROL_08,PLC_ROL_08,PLC_TA_013,OPG,OPG+,,False,
OBS_000704,2025-01-13,10,PLC,PLC_ROL_01,PLC_ROL_01,PLC_TA_013,OPG,OPG+,,False,
OBS_000705,2025-01-13,10,STM,STM_ROL_01,STM_ROL_01,STM_TA_003,OPG,OPG+,,False,
OBS_000706,2025-01-13,10,STM,STM_ROL_01,STM_ROL_01,STM_TA_003,OPG,OPG+,,False,
OBS_000707,2025-01-13,10,STM,STM_ROL_02,STM_ROL_02,STM_TA_010,OPG,OPG+,,False,
OBS_000708,2025-01-13,10,TME,TME_ROL_02,TME_ROL_02,TME_TA_010,OPG,OPG+,,False,
OBS_000709,2025-01-13,10,TME,TME_ROL_08,TME_ROL_08,TME_TA_013,OPG,OPG+,,False,
OBS_000714,2025-01-14,10,CHP,CHP_ROL_03,CHP_ROL_03,CHP_TA_004,OPG,OPG-,,False,
OBS_000715,2025-01-14,10,CHP,CHP_ROL_07,CHP_ROL_07,CHP_TA_018,OPG,OPG+,,False,
OBS_000716,2025-01-14,10,CHP,CHP_ROL_02,CHP_ROL_02,CHP_TA_010,OPG,OPG+,,False,
OBS_000710,2025-01-14,10,MRA,MRA_ROL_01,MRA_ROL_01,MRA_TA_016,OPG,OPG+,,False,
OBS_000711,2025-01-14,10,MRA,MRA_ROL_04,MRA_ROL_04,MRA_TA_005,OPG,OPG+,,False,
OBS_000712,2025-01-14,10,MRA,MRA_ROL_05,MRA_ROL_05,MRA_TA_021,OPG,OPG-,,False,
OBS_000713,2025-01-14,10,MRA,MRA_ROL_06,MRA_ROL_06,MRA_TA_001,OPG,OPG+,,False,
OBS_000717,2025-01-14,10,PLC,PLC_ROL_12,PLC_ROL_12,PLC_TA_012,OPG,OPG+,,False,
OBS_000718,2025-01-14,10,PLC,PLC_ROL_11,PLC_ROL_11,PLC_TA_017,OPG,OPG-,,False,
OBS_000719,2025-01-14,10,PLC,PLC_ROL_03,PLC_ROL_03,PLC_TA_008,OPG,OPG+,,False,
OBS_000720,2025-01-14,10,STM,STM_ROL_04,STM_ROL_04,STM_TA_004,OPG,OPG+,,False,
OBS_000721,2025-01-14,10,STM,STM_ROL_01,STM_ROL_01,STM_TA_018,OPG,OPG+,,False,
OBS_000722,2025-01-14,10,TME,TME_ROL_02,TME_ROL_02,TME_TA_010,OPG,OPG+,,False,
OBS_000723,2025-01-14,10,TME,TME_ROL_05,TME_ROL_05,TME_TA_004,OPG,OPG+,,False,
OBS_000724,2025-01-14,10,TME,TME_ROL_08,TME_ROL_08,TME_TA_011,OPG,OPG+,,False,
OBS_000729,2025-01-15,10,CHP,CHP_ROL_06,CHP_ROL_06,CHP_TA_011,OPG,OPG+,,False,
OBS_000730,2025-01-15,10,CHP,CHP_ROL_03,CHP_ROL_03,CHP_TA_001,OPG,OPG+,,False,
OBS_000731,2025-01-15,10,CHP,CHP_ROL_04,CHP_ROL_04,CHP_TA_014,OPG,OPG+,,False,
OBS_001080,2025-01-15,10,CHP,CHP_ROL_03,CHP_ROL_03,CHP_TA_015,OCC,OCC+,R03,True,R03CC04
OBS_001086,2025-01-15,10,CHP,CHP_ROL_05,CHP_ROL_08,CHP_TA_013,OCC,OCC-,R02,True,R02CC01
OBS_000725,2025-01-15,10,MRA,MRA_ROL_04,MRA_ROL_04,MRA_TA_004,OPG,OPG+,,False,
OBS_000726,2025-01-15,10,MRA,MRA_ROL_02,MRA_ROL_02,MRA_TA_007,OPG,OPG+,,False,
OBS_000727,2025-01-15,10,MRA,MRA_ROL_08,MRA_ROL_08,MRA_TA_011,OPG,OPG+,,False,
OBS_000728,2025-01-15,10,MRA,MRA_ROL_05,MRA_ROL_05,MRA_TA_019,OPG,OPG+,,False,
OBS_000732,2025-01-15,10,PLC,PLC_ROL_03,PLC_ROL_03,PLC_TA_011,OPG,OPG+,,False,
OBS_000733,2025-01-15,10,PLC,PLC_ROL_08,PLC_ROL_08,PLC_TA_015,OPG,OPG+,,False,
OBS_001081,2025-01-15,10,PLC,PLC_ROL_08,PLC_ROL_03,PLC_TA_017,OCC,OCC+,R03,True,R03CP02
OBS_000734,2025-01-15,10,STM,STM_ROL_08,STM_ROL_08,STM_TA_018,OPG,OPG-,,False,
OBS_000735,2025-01-15,10,STM,STM_ROL_02,STM_ROL_02,STM_TA_009,OPG,OPG+,,False,
OBS_000736,2025-01-15,10,TME,TME_ROL_04,TME_ROL_04,TME_TA_009,OPG,OPG+,,False,
OBS_000741,2025-01-16,10,CHP,CHP_ROL_07,CHP_ROL_07,CHP_TA_008,OPG,OPG+,,False,
OBS_000742,2025-01-16,10,CHP,CHP_ROL_05,CHP_ROL_05,CHP_TA_005,OPG,OPG+,,False,
OBS_001085,2025-01-16,10,CHP,CHP_ROL_07,CHP_ROL_07,CHP_TA_016,OCC,OCC-,R03,True,R03CP02
OBS_000737,2025-01-16,10,MRA,MRA_ROL_02,MRA_ROL_02,MRA_TA_003,OPG,OPG+,,False,
OBS_000738,2025-01-16,10,MRA,MRA_ROL_01,MRA_ROL_01,MRA_TA_019,OPG,OPG+,,False,
OBS_000739,2025-01-16,10,MRA,MRA_ROL_04,MRA_ROL_04,MRA_TA_002,OPG,OPG+,,False,
OBS_000740,2025-01-16,10,MRA,MRA_ROL_08,MRA_ROL_08,MRA_TA_021,OPG,OPG+,,False,
OBS_000743,2025-01-16,10,PLC,PLC_ROL_02,PLC_ROL_02,PLC_TA_013,OPG,OPG+,,False,
OBS_000744,2025-01-16,10,PLC,PLC_ROL_01,PLC_ROL_01,PLC_TA_008,OPG,OPG+,,False,
OBS_000745,2025-01-16,10,PLC,PLC_ROL_10,PLC_ROL_10,PLC_TA_006,OPG,OPG+,,False,
OBS_000746,2025-01-16,10,STM,STM_ROL_08,STM_ROL_08,STM_TA_006,OPG,OPG+,,False,
OBS_001078,2025-01-16,10,STM,STM_ROL_01,STM_ROL_05,STM_TA_016,OCC,OCC+,R03,True,R03CP04
OBS_000747,2025-01-16,10,TME,TME_ROL_03,TME_ROL_03,TME_TA_016,OPG,OPG+,,False,
OBS_000748,2025-01-16,10,TME,TME_ROL_01,TME_ROL_01,TME_TA_008,OPG,OPG+,,False,
OBS_000749,2025-01-16,10,TME,TME_ROL_04,TME_ROL_04,TME_TA_003,OPG,OPG+,,False,
OBS_000752,2025-01-17,10,CHP,CHP_ROL_01,CHP_ROL_01,CHP_TA_002,OPG,OPG+,,False,
OBS_000753,2025-01-17,10,CHP,CHP_ROL_06,CHP_ROL_06,CHP_TA_004,OPG,OPG+,,False,
OBS_000750,2025-01-17,10,MRA,MRA_ROL_01,MRA_ROL_01,MRA_TA_022,OPG,OPG+,,False,
OBS_000751,2025-01-17,10,MRA,MRA_ROL_06,MRA_ROL_06,MRA_TA_013,OPG,OPG+,,False,
OBS_000754,2025-01-17,10,PLC,PLC_ROL_11,PLC_ROL_11,PLC_TA_009,OPG,OPG+,,False,
OBS_000755,2025-01-17,10,PLC,PLC_ROL_05,PLC_ROL_05,PLC_TA_019,OPG,OPG+,,False,
OBS_000756,2025-01-17,10,PLC,PLC_ROL_03,PLC_ROL_03,PLC_TA_013,OPG,OPG+,,False,
OBS_000757,2025-01-17,10,STM,STM_ROL_02,STM_ROL_02,STM_TA_017,OPG,OPG+,,False,
OBS_000758,2025-01-17,10,STM,STM_ROL_04,STM_ROL_04,STM_TA_017,OPG,OPG+,,False,
OBS_001090,2025-01-17,10,STM,STM_ROL_06,STM_ROL_01,STM_TA_001,OCC,OCC+,R02,True,R02CC06
OBS_000759,2025-01-17,10,TME,TME_ROL_08,TME_ROL_08,TME_TA_016,OPG,OPG+,,False,
OBS_000760,2025-01-17,10,TME,TME_ROL_01,TME_ROL_01,TME_TA_005,OPG,OPG+,,False,
OBS_000763,2025-01-18,10,CHP,CHP_ROL_02,CHP_ROL_02,CHP_TA_008,OPG,OPG+,,False,
OBS_000764,2025-01-18,10,CHP,CHP_ROL_06,CHP_ROL_06,CHP_TA_004,OPG,OPG+,,False,
OBS_001084,2025-01-18,10,CHP,CHP_ROL_03,CHP_ROL_08,CHP_TA_013,OCC,OCC-,R03,True,R03CC02
OBS_001087,2025-01-18,10,CHP,CHP_ROL_02,CHP_ROL_09,CHP_TA_012,OCC,OCC+,R02,True,R02CC02
OBS_000761,2025-01-18,10,MRA,MRA_ROL_02,MRA_ROL_02,MRA_TA_017,OPG,OPG+,,False,
OBS_000762,2025-01-18,10,MRA,MRA_ROL_04,MRA_ROL_04,MRA_TA_005,OPG,OPG+,,False,
OBS_001092,2025-01-18,10,MRA,MRA_ROL_02,MRA_ROL_01,MRA_TA_020,OCC,OCC+,R01,True,R01CC01
OBS_000765,2025-01-18,10,PLC,PLC_ROL_08,PLC_ROL_08,PLC_TA_007,OPG,OPG+,,False,
OBS_000766,2025-01-18,10,PLC,PLC_ROL_11,PLC_ROL_11,PLC_TA_014,OPG,OPG-,,False,
OBS_001093,2025-01-18,10,PLC,PLC_ROL_12,PLC_ROL_02,PLC_TA_003,OCC,OCC+,R01,True,R01CC04
OBS_000767,2025-01-18,10,STM,STM_ROL_03,STM_ROL_03,STM_TA_019,OPG,OPG+,,False,
OBS_000768,2025-01-18,10,TME,TME_ROL_01,TME_ROL_01,TME_TA_005,OPG,OPG-,,False,
OBS_000772,2025-01-19,10,CHP,CHP_ROL_08,CHP_ROL_08,CHP_TA_006,OPG,OPG+,,False,
OBS_000773,2025-01-19,10,CHP,CHP_ROL_07,CHP_ROL_07,CHP_TA_020,OPG,OPG-,,False,
OBS_000769,2025-01-19,10,MRA,MRA_ROL_03,MRA_ROL_03,MRA_TA_017,OPG,OPG+,,False,
OBS_000770,2025-01-19,10,MRA,MRA_ROL_01,MRA_ROL_01,MRA_TA_022,OPG,OPG+,,False,
OBS_000771,2025-01-19,10,MRA,MRA_ROL_02,MRA_ROL_02,MRA_TA_007,OPG,OPG+,,False,
OBS_001082,2025-01-19,10,MRA,MRA_ROL_03,MRA_ROL_08,MRA_TA_014,OCC,OCC-,R03,True,R03CC05
OBS_001089,2025-01-19,10,MRA,MRA_ROL_08,MRA_ROL_04,MRA_TA_022,OCC,OCC+,R02,True,R02CM01
OBS_001091,2025-01-19,10,MRA,MRA_ROL_08,MRA_ROL_06,MRA_TA_008,OCC,OCC+,R01,True,R01CC04
OBS_000774,2025-01-19,10,PLC,PLC_ROL_03,PLC_ROL_03,PLC_TA_017,OPG,OPG+,,False,
OBS_000775,2025-01-19,10,PLC,PLC_ROL_12,PLC_ROL_12,PLC_TA_011,OPG,OPG+,,False,
OBS_000776,2025-01-19,10,PLC,PLC_ROL_10,PLC_ROL_10,PLC_TA_019,OPG,OPG-,,False,
OBS_000777,2025-01-19,10,STM,STM_ROL_07,STM_ROL_07,STM_TA_005,OPG,OPG-,,False,
OBS_000778,2025-01-19,10,STM,STM_ROL_04,STM_ROL_04,STM_TA_017,OPG,OPG+,,False,
OBS_000779,2025-01-19,10,TME,TME_ROL_07,TME_ROL_07,TME_TA_005,OPG,OPG+,,False,
OBS_000780,2025-01-19,10,TME,TME_ROL_03,TME_ROL_03,TME_TA_016,OPG,OPG+,,False,
OBS_000781,2025-01-19,10,TME,TME_ROL_01,TME_ROL_01,TME_TA_004,OPG,OPG-,,False,
OBS_001083,2025-01-19,10,TME,TME_ROL_04,TME_ROL_06,TME_TA_002,OCC,OCC+,R03,True,R03CC06
OBS_001088,2025-01-19,10,TME,TME_ROL_06,TME_ROL_05,TME_TA_009,OCC,OCC-,R02,True,R02CP03
OBS_000786,2025-01-20,11,CHP,CHP_ROL_07,CHP_ROL_07,CHP_TA_012,OPG,OPG+,,False,
OBS_000787,2025-01-20,11,CHP,CHP_ROL_02,CHP_ROL_02,CHP_TA_014,OPG,OPG-,,False,
OBS_001097,2025-01-20,11,CHP,CHP_ROL_08,CHP_ROL_02,CHP_TA_016,OCC,OCC-,R02,True,R02CC06
OBS_000782,2025-01-20,11,MRA,MRA_ROL_03,MRA_ROL_03,MRA_TA_020,OPG,OPG+,,False,
OBS_000783,2025-01-20,11,MRA,MRA_ROL_01,MRA_ROL_01,MRA_TA_022,OPG,OPG+,,False,
OBS_000784,2025-01-20,11,MRA,MRA_ROL_07,MRA_ROL_07,MRA_TA_012,OPG,OPG+,,False,
OBS_000785,2025-01-20,11,MRA,MRA_ROL_07,MRA_ROL_07,MRA_TA_008,OPG,OPG+,,False,
OBS_001100,2025-01-20,11,MRA,MRA_ROL_01,MRA_ROL_08,MRA_TA_005,OCC,OCC-,R02,True,R02CM03
OBS_000788,2025-01-20,11,PLC,PLC_ROL_04,PLC_ROL_04,PLC_TA_003,OPG,OPG+,,False,
OBS_000789,2025-01-20,11,PLC,PLC_ROL_09,PLC_ROL_09,PLC_TA_014,OPG,OPG+,,False,
OBS_001108,2025-01-20,11,PLC,PLC_ROL_03,PLC_ROL_01,PLC_TA_007,OCC,OCC+,R03,True,R03CP01
OBS_001109,2025-01-20,11,PLC,PLC_ROL_07,PLC_ROL_02,PLC_TA_018,OCC,OCC+,R03,True,R03CM04
OBS_000790,2025-01-20,11,STM,STM_ROL_01,STM_ROL_01,STM_TA_019,OPG,OPG+,,False,
OBS_001105,2025-01-20,11,STM,STM_ROL_06,STM_ROL_06,STM_TA_003,OCC,OCC-,R01,True,R01CC03
OBS_000791,2025-01-20,11,TME,TME_ROL_01,TME_ROL_01,TME_TA_013,OPG,OPG+,,False,
OBS_000792,2025-01-20,11,TME,TME_ROL_06,TME_ROL_06,TME_TA_014,OPG,OPG+,,False,
OBS_000793,2025-01-20,11,TME,TME_ROL_03,TME_ROL_03,TME_TA_014,OPG,OPG+,,False,
OBS_000797,2025-01-21,11,CHP,CHP_ROL_08,CHP_ROL_08,CHP_TA_006,OPG,OPG+,,False,
OBS_000798,2025-01-21,11,CHP,CHP_ROL_09,CHP_ROL_09,CHP_TA_016,OPG,OPG+,,False,
OBS_000799,2025-01-21,11,CHP,CHP_ROL_05,CHP_ROL_05,CHP_TA_019,OPG,OPG+,,False,
OBS_000794,2025-01-21,11,MRA,MRA_ROL_05,MRA_ROL_05,MRA_TA_018,OPG,OPG+,,False,
OBS_000795,2025-01-21,11,MRA,MRA_ROL_06,MRA_ROL_06,MRA_TA_020,OPG,OPG+,,False,
OBS_000796,2025-01-21,11,MRA,MRA_ROL_07,MRA_ROL_07,MRA_TA_007,OPG,OPG+,,False,
OBS_000800,2025-01-21,11,PLC,PLC_ROL_07,PLC_ROL_07,PLC_TA_005,OPG,OPG+,,False,
OBS_000801,2025-01-21,11,PLC,PLC_ROL_11,PLC_ROL_11,PLC_TA_004,OPG,OPG+,,False,
OBS_000802,2025-01-21,11,PLC,PLC_ROL_08,PLC_ROL_08,PLC_TA_006,OPG,OPG-,,False,
OBS_000803,2025-01-21,11,STM,STM_ROL_07,STM_ROL_07,STM_TA_011,OPG,OPG+,,False,
OBS_000804,2025-01-21,11,STM,STM_ROL_01,STM_ROL_01,STM_TA_006,OPG,OPG+,,False,
OBS_000805,2025-01-21,11,STM,STM_ROL_01,STM_ROL_01,STM_TA_003,OPG,OPG+,,False,
OBS_000806,2025-01-21,11,TME,TME_ROL_07,TME_ROL_07,TME_TA_003,OPG,OPG-,,False,
OBS_000807,2025-01-21,11,TME,TME_ROL_04,TME_ROL_04,TME_TA_012,OPG,OPG-,,False,
OBS_001098,2025-01-21,11,TME,TME_ROL_02,TME_ROL_03,TME_TA_014,OCC,OCC+,R02,True,R02CM04
OBS_001099,2025-01-21,11,TME,TME_ROL_05,TME_ROL_02,TME_TA_002,OCC,OCC+,R02,True,R02CM03
OBS_000810,2025-01-22,11,CHP,CHP_ROL_08,CHP_ROL_08,CHP_TA_015,OPG,OPG-,,False,
OBS_001096,2025-01-22,11,CHP,CHP_ROL_07,CHP_ROL_07,CHP_TA_011,OCC,OCC+,R02,True,R02CC02
OBS_000808,2025-01-22,11,MRA,MRA_ROL_07,MRA_ROL_07,MRA_TA_013,OPG,OPG+,,False,
OBS_000809,2025-01-22,11,MRA,MRA_ROL_05,MRA_ROL_05,MRA_TA_020,OPG,OPG-,,False,
OBS_000811,2025-01-22,11,PLC,PLC_ROL_09,PLC_ROL_09,PLC_TA_010,OPG,OPG+,,False,
OBS_000812,2025-01-22,11,PLC,PLC_ROL_10,PLC_ROL_10,PLC_TA_017,OPG,OPG+,,False,
OBS_000813,2025-01-22,11,PLC,PLC_ROL_04,PLC_ROL_04,PLC_TA_006,OPG,OPG+,,False,
OBS_000814,2025-01-22,11,STM,STM_ROL_04,STM_ROL_04,STM_TA_001,OPG,OPG+,,False,
OBS_000815,2025-01-22,11,STM,STM_ROL_02,STM_ROL_02,STM_TA_009,OPG,OPG+,,False,
OBS_000816,2025-01-22,11,TME,TME_ROL_07,TME_ROL_07,TME_TA_013,OPG,OPG+,,False,
OBS_000817,2025-01-22,11,TME,TME_ROL_01,TME_ROL_01,TME_TA_003,OPG,OPG+,,False,
OBS_001095,2025-01-22,11,TME,TME_ROL_05,TME_ROL_07,TME_TA_011,OCC,OCC-,R02,True,R02CM03
OBS_000822,2025-01-23,11,CHP,CHP_ROL_01,CHP_ROL_01,CHP_TA_009,OPG,OPG+,,False,
OBS_000823,2025-01-23,11,CHP,CHP_ROL_09,CHP_ROL_09,CHP_TA_004,OPG,OPG+,,False,
OBS_000824,2025-01-23,11,CHP,CHP_ROL_09,CHP_ROL_09,CHP_TA_010,OPG,OPG+,,False,
OBS_000818,2025-01-23,11,MRA,MRA_ROL_05,MRA_ROL_05,MRA_TA_018,OPG,OPG+,,False,
OBS_000819,2025-01-23,11,MRA,MRA_ROL_06,MRA_ROL_06,MRA_TA_012,OPG,OPG+,,False,
OBS_000820,2025-01-23,11,MRA,MRA_ROL_05,MRA_ROL_05,MRA_TA_008,OPG,OPG+,,False,
OBS_000821,2025-01-23,11,MRA,MRA_ROL_04,MRA_ROL_04,MRA_TA_015,OPG,OPG+,,False,
OBS_000825,2025-01-23,11,PLC,PLC_ROL_09,PLC_ROL_09,PLC_TA_009,OPG,OPG+,,False,
OBS_000826,2025-01-23,11,STM,STM_ROL_05,STM_ROL_05,STM_TA_015,OPG,OPG+,,False,
OBS_000827,2025-01-23,11,STM,STM_ROL_08,STM_ROL_08,STM_TA_008,OPG,OPG+,,False,
OBS_000828,2025-01-23,11,STM,STM_ROL_08,STM_ROL_08,STM_TA_015,OPG,OPG+,,False,
OBS_001107,2025-01-23,11,STM,STM_ROL_02,STM_ROL_06,STM_TA_016,OCC,OCC+,R03,True,R03CM01
OBS_000829,2025-01-23,11,TME,TME_ROL_08,TME_ROL_08,TME_TA_004,OPG,OPG+,,False,
OBS_001102,2025-01-23,11,TME,TME_ROL_08,TME_ROL_07,TME_TA_013,OCC,OCC+,R01,True,R01CM04
OBS_000833,2025-01-24,11,CHP,CHP_ROL_07,CHP_ROL_07,CHP_TA_011,OPG,OPG-,,False,
OBS_000830,2025-01-24,11,MRA,MRA_ROL_04,MRA_ROL_04,MRA_TA_022,OPG,OPG+,,False,
OBS_000831,2025-01-24,11,MRA,MRA_ROL_06,MRA_ROL_06,MRA_TA_014,OPG,OPG+,,False,
OBS_000832,2025-01-24,11,MRA,MRA_ROL_01,MRA_ROL_01,MRA_TA_009,OPG,OPG+,,False,
OBS_000834,2025-01-24,11,PLC,PLC_ROL_08,PLC_ROL_08,PLC_TA_011,OPG,OPG+,,False,
OBS_000835,2025-01-24,11,STM,STM_ROL_05,STM_ROL_05,STM_TA_006,OPG,OPG+,,False,
OBS_000836,2025-01-24,11,STM,STM_ROL_04,STM_ROL_04,STM_TA_016,OPG,OPG+,,False,
OBS_000837,2025-01-24,11,STM,STM_ROL_04,STM_ROL_04,STM_TA_008,OPG,OPG+,,False,
OBS_000838,2025-01-24,11,TME,TME_ROL_04,TME_ROL_04,TME_TA_007,OPG,OPG+,,False,
OBS_000843,2025-01-25,11,CHP,CHP_ROL_08,CHP_ROL_08,CHP_TA_019,OPG,OPG+,,False,
OBS_000844,2025-01-25,11,CHP,CHP_ROL_08,CHP_ROL_08,CHP_TA_006,OPG,OPG+,,False,
OBS_000839,2025-01-25,11,MRA,MRA_ROL_06,MRA_ROL_06,MRA_TA_005,OPG,OPG+,,False,
OBS_000840,2025-01-25,11,MRA,MRA_ROL_02,MRA_ROL_02,MRA_TA_003,OPG,OPG+,,False,
OBS_000841,2025-01-25,11,MRA,MRA_ROL_08,MRA_ROL_08,MRA_TA_020,OPG,OPG-,,False,
OBS_000842,2025-01-25,11,MRA,MRA_ROL_01,MRA_ROL_01,MRA_TA_016,OPG,OPG+,,False,
OBS_000845,2025-01-25,11,PLC,PLC_ROL_05,PLC_ROL_05,PLC_TA_013,OPG,OPG+,,False,
OBS_000846,2025-01-25,11,PLC,PLC_ROL_10,PLC_ROL_10,PLC_TA_005,OPG,OPG-,,False,
OBS_000847,2025-01-25,11,PLC,PLC_ROL_07,PLC_ROL_07,PLC_TA_016,OPG,OPG+,,False,
OBS_000848,2025-01-25,11,STM,STM_ROL_06,STM_ROL_06,STM_TA_013,OPG,OPG+,,False,
OBS_001101,2025-01-25,11,STM,STM_ROL_05,STM_ROL_03,STM_TA_011,OCC,OCC-,R02,True,R02CM01
OBS_001104,2025-01-25,11,STM,STM_ROL_06,STM_ROL_05,STM_TA_013,OCC,OCC+,R01,True,R01CP06
OBS_000849,2025-01-25,11,TME,TME_ROL_08,TME_ROL_08,TME_TA_004,OPG,OPG+,,False,
OBS_000853,2025-01-26,11,CHP,CHP_ROL_03,CHP_ROL_03,CHP_TA_018,OPG,OPG+,,False,
OBS_000854,2025-01-26,11,CHP,CHP_ROL_05,CHP_ROL_05,CHP_TA_016,OPG,OPG+,,False,
OBS_001106,2025-01-26,11,CHP,CHP_ROL_03,CHP_ROL_09,CHP_TA_002,OCC,OCC-,R01,True,R01CP01
OBS_000850,2025-01-26,11,MRA,MRA_ROL_06,MRA_ROL_06,MRA_TA_001,OPG,OPG-,,False,
OBS_000851,2025-01-26,11,MRA,MRA_ROL_04,MRA_ROL_04,MRA_TA_013,OPG,OPG+,,False,
OBS_000852,2025-01-26,11,MRA,MRA_ROL_06,MRA_ROL_06,MRA_TA_012,OPG,OPG+,,False,
OBS_000855,2025-01-26,11,PLC,PLC_ROL_06,PLC_ROL_06,PLC_TA_006,OPG,OPG+,,False,
OBS_000856,2025-01-26,11,PLC,PLC_ROL_04,PLC_ROL_04,PLC_TA_014,OPG,OPG+,,False,
OBS_000857,2025-01-26,11,STM,STM_ROL_06,STM_ROL_06,STM_TA_013,OPG,OPG+,,False,
OBS_000858,2025-01-26,11,STM,STM_ROL_03,STM_ROL_03,STM_TA_019,OPG,OPG-,,False,
OBS_001103,2025-01-26,11,STM,STM_ROL_04,STM_ROL_01,STM_TA_013,OCC,OCC-,R01,True,R01CC03
OBS_000859,2025-01-26,11,TME,TME_ROL_04,TME_ROL_04,TME_TA_004,OPG,OPG+,,False,
OBS_000860,2025-01-26,11,TME,TME_ROL_04,TME_ROL_04,TME_TA_014,OPG,OPG+,,False,
OBS_000861,2025-01-26,11,TME,TME_ROL_04,TME_ROL_04,TME_TA_005,OPG,OPG+,,False,
OBS_001094,2025-01-26,11,TME,TME_ROL_02,TME_ROL_03,TME_TA_009,OCC,OCC+,R02,True,R02CC06
OBS_000866,2025-01-27,12,CHP,CHP_ROL_01,CHP_ROL_01,CHP_TA_007,OPG,OPG+,,False,
OBS_001111,2025-01-27,12,CHP,CHP_ROL_02,CHP_ROL_04,CHP_TA_017,OCC,OCC-,R02,True,R02CM01
OBS_000862,2025-01-27,12,MRA,MRA_ROL_03,MRA_ROL_03,MRA_TA_016,OPG,OPG+,,False,
OBS_000863,2025-01-27,12,MRA,MRA_ROL_03,MRA_ROL_03,MRA_TA_014,OPG,OPG+,,False,
OBS_000864,2025-01-27,12,MRA,MRA_ROL_06,MRA_ROL_06,MRA_TA_016,OPG,OPG+,,False,
OBS_000865,2025-01-27,12,MRA,MRA_ROL_01,MRA_ROL_01,MRA_TA_013,OPG,OPG-,,False,
OBS_001113,2025-01-27,12,MRA,MRA_ROL_08,MRA_ROL_01,MRA_TA_008,OCC,OCC+,R02,True,R02CC01
OBS_001121,2025-01-27,12,MRA,MRA_ROL_07,MRA_ROL_08,MRA_TA_005,OCC,OCC-,R01,True,R01CP04
OBS_000867,2025-01-27,12,PLC,PLC_ROL_11,PLC_ROL_11,PLC_TA_004,OPG,OPG+,,False,
OBS_000868,2025-01-27,12,PLC,PLC_ROL_06,PLC_ROL_06,PLC_TA_009,OPG,OPG+,,False,
OBS_000869,2025-01-27,12,STM,STM_ROL_05,STM_ROL_05,STM_TA_012,OPG,OPG-,,False,
OBS_000870,2025-01-27,12,STM,STM_ROL_02,STM_ROL_02,STM_TA_012,OPG,OPG+,,False,
OBS_000871,2025-01-27,12,STM,STM_ROL_04,STM_ROL_04,STM_TA_019,OPG,OPG+,,False,
OBS_000872,2025-01-27,12,TME,TME_ROL_03,TME_ROL_03,TME_TA_010,OPG,OPG+,,False,
OBS_000873,2025-01-27,12,TME,TME_ROL_08,TME_ROL_08,TME_TA_015,OPG,OPG+,,False,
OBS_000874,2025-01-27,12,TME,TME_ROL_07,TME_ROL_07,TME_TA_010,OPG,OPG+,,False,
OBS_000877,2025-01-28,12,CHP,CHP_ROL_07,CHP_ROL_07,CHP_TA_003,OPG,OPG-,,False,
OBS_000878,2025-01-28,12,CHP,CHP_ROL_06,CHP_ROL_06,CHP_TA_008,OPG,OPG+,,False,
OBS_000879,2025-01-28,12,CHP,CHP_ROL_05,CHP_ROL_05,CHP_TA_009,OPG,OPG+,,False,
OBS_000875,2025-01-28,12,MRA,MRA_ROL_03,MRA_ROL_03,MRA_TA_021,OPG,OPG+,,False,
OBS_000876,2025-01-28,12,MRA,MRA_ROL_06,MRA_ROL_06,MRA_TA_014,OPG,OPG+,,False,
OBS_001122,2025-01-28,12,MRA,MRA_ROL_07,MRA_ROL_04,MRA_TA_006,OCC,OCC+,R01,True,R01CM03
OBS_000880,2025-01-28,12,PLC,PLC_ROL_05,PLC_ROL_05,PLC_TA_015,OPG,OPG+,,False,
OBS_000881,2025-01-28,12,PLC,PLC_ROL_06,PLC_ROL_06,PLC_TA_019,OPG,OPG+,,False,
OBS_000882,2025-01-28,12,STM,STM_ROL_07,STM_ROL_07,STM_TA_006,OPG,OPG+,,False,
OBS_000883,2025-01-28,12,STM,STM_ROL_01,STM_ROL_01,STM_TA_005,OPG,OPG+,,False,
OBS_000884,2025-01-28,12,TME,TME_ROL_05,TME_ROL_05,TME_TA_003,OPG,OPG+,,False,
OBS_000885,2025-01-28,12,TME,TME_ROL_07,TME_ROL_07,TME_TA_004,OPG,OPG-,,False,
OBS_000886,2025-01-28,12,TME,TME_ROL_08,TME_ROL_08,TME_TA_002,OPG,OPG-,,False,
OBS_000890,2025-01-29,12,CHP,CHP_ROL_05,CHP_ROL_05,CHP_TA_015,OPG,OPG+,,False,
OBS_000891,2025-01-29,12,CHP,CHP_ROL_03,CHP_ROL_03,CHP_TA_017,OPG,OPG+,,False,
OBS_000892,2025-01-29,12,CHP,CHP_ROL_01,CHP_ROL_01,CHP_TA_002,OPG,OPG+,,False,
OBS_000887,2025-01-29,12,MRA,MRA_ROL_02,MRA_ROL_02,MRA_TA_004,OPG,OPG+,,False,
OBS_000888,2025-01-29,12,MRA,MRA_ROL_03,MRA_ROL_03,MRA_TA_003,OPG,OPG+,,False,
OBS_000889,2025-01-29,12,MRA,MRA_ROL_07,MRA_ROL_07,MRA_TA_010,OPG,OPG+,,False,
OBS_001117,2025-01-29,12,MRA,MRA_ROL_06,MRA_ROL_04,MRA_TA_002,OCC,OCC+,R02,True,R02CC05
OBS_000893,2025-01-29,12,PLC,PLC_ROL_08,PLC_ROL_08,PLC_TA_015,OPG,OPG+,,False,
OBS_000894,2025-01-29,12,PLC,PLC_ROL_09,PLC_ROL_09,PLC_TA_009,OPG,OPG+,,False,
OBS_000895,2025-01-29,12,STM,STM_ROL_03,STM_ROL_03,STM_TA_019,OPG,OPG+,,False,
OBS_000896,2025-01-29,12,TME,TME_ROL_07,TME_ROL_07,TME_TA_010,OPG,OPG+,,False,
OBS_000897,2025-01-29,12,TME,TME_ROL_08,TME_ROL_08,TME_TA_008,OPG,OPG+,,False,
OBS_000898,2025-01-29,12,TME,TME_ROL_08,TME_ROL_08,TME_TA_010,OPG,OPG+,,False,
OBS_001124,2025-01-29,12,TME,TME_ROL_02,TME_ROL_02,TME_TA_012,OCC,OCC+,R03,True,R03CP01
OBS_000902,2025-01-30,12,CHP,CHP_ROL_05,CHP_ROL_05,CHP_TA_001,OPG,OPG+,,False,
OBS_000903,2025-01-30,12,CHP,CHP_ROL_05,CHP_ROL_05,CHP_TA_020,OPG,OPG+,,False,
OBS_000899,2025-01-30,12,MRA,MRA_ROL_03,MRA_ROL_03,MRA_TA_010,OPG,OPG-,,False,
OBS_000900,2025-01-30,12,MRA,MRA_ROL_03,MRA_ROL_03,MRA_TA_012,OPG,OPG+,,False,
OBS_000901,2025-01-30,12,MRA,MRA_ROL_01,MRA_ROL_01,MRA_TA_016,OPG,OPG+,,False,
OBS_000904,2025-01-30,12,PLC,PLC_ROL_09,PLC_ROL_09,PLC_TA_012,OPG,OPG+,,False,
OBS_001112,2025-01-30,12,PLC,PLC_ROL_12,PLC_ROL_10,PLC_TA_008,OCC,OCC-,R02,True,R02CC05
OBS_000905,2025-01-30,12,STM,STM_ROL_07,STM_ROL_07,STM_TA_013,OPG,OPG+,,False,
OBS_000906,2025-01-30,12,STM,STM_ROL_07,STM_ROL_07,STM_TA_013,OPG,OPG+,,False,
OBS_000907,2025-01-30,12,STM,STM_ROL_02,STM_ROL_02,STM_TA_014,OPG,OPG+,,False,
OBS_000908,2025-01-30,12,TME,TME_ROL_05,TME_ROL_05,TME_TA_010,OPG,OPG+,,False,
OBS_000909,2025-01-30,12,TME,TME_ROL_05,TME_ROL_05,TME_TA_014,OPG,OPG+,,False,
OBS_000910,2025-01-30,12,TME,TME_ROL_02,TME_ROL_02,TME_TA_006,OPG,OPG-,,False,
OBS_000913,2025-01-31,12,CHP,CHP_ROL_01,CHP_ROL_01,CHP_TA_018,OPG,OPG-,,False,
OBS_001115,2025-01-31,12,CHP,CHP_ROL_02,CHP_ROL_08,CHP_TA_020,OCC,OCC+,R02,True,R02CC04
OBS_000911,2025-01-31,12,MRA,MRA_ROL_08,MRA_ROL_08,MRA_TA_020,OPG,OPG+,,False,
OBS_000912,2025-01-31,12,MRA,MRA_ROL_08,MRA_ROL_08,MRA_TA_007,OPG,OPG+,,False,
OBS_001118,2025-01-31,12,MRA,MRA_ROL_03,MRA_ROL_07,MRA_TA_006,OCC,OCC+,R01,True,R01CP03
OBS_000914,2025-01-31,12,PLC,PLC_ROL_05,PLC_ROL_05,PLC_TA_009,OPG,OPG-,,False,
OBS_001123,2025-01-31,12,PLC,PLC_ROL_10,PLC_ROL_02,PLC_TA_010,OCC,OCC+,R03,True,R03CM04
OBS_000915,2025-01-31,12,STM,STM_ROL_01,STM_ROL_01,STM_TA_008,OPG,OPG-,,False,
OBS_000916,2025-01-31,12,STM,STM_ROL_01,STM_ROL_01,STM_TA_016,OPG,OPG+,,False,
OBS_000917,2025-01-31,12,TME,TME_ROL_05,TME_ROL_05,TME_TA_016,OPG,OPG+,,False,
OBS_000918,2025-01-31,12,TME,TME_ROL_08,TME_ROL_08,TME_TA_002,OPG,OPG+,,False,
OBS_000921,2025-02-01,12,CHP,CHP_ROL_05,CHP_ROL_05,CHP_TA_013,OPG,OPG+,,False,
OBS_001110,2025-02-01,12,CHP,CHP_ROL_01,CHP_ROL_01,CHP_TA_011,OCC,OCC+,R02,True,R02CM03
OBS_000919,2025-02-01,12,MRA,MRA_ROL_01,MRA_ROL_01,MRA_TA_009,OPG,OPG+,,False,
OBS_000920,2025-02-01,12,MRA,MRA_ROL_02,MRA_ROL_02,MRA_TA_018,OPG,OPG+,,False,
OBS_001119,2025-02-01,12,MRA,MRA_ROL_01,MRA_ROL_03,MRA_TA_004,OCC,OCC+,R01,True,R01CP02
OBS_000922,2025-02-01,12,PLC,PLC_ROL_12,PLC_ROL_12,PLC_TA_008,OPG,OPG+,,False,
OBS_000923,2025-02-01,12,STM,STM_ROL_04,STM_ROL_04,STM_TA_002,OPG,OPG+,,False,
OBS_000924,2025-02-01,12,STM,STM_ROL_02,STM_ROL_02,STM_TA_017,OPG,OPG+,,False,
OBS_001114,2025-02-01,12,STM,STM_ROL_05,STM_ROL_02,STM_TA_015,OCC,OCC+,R02,True,R02CC02
OBS_000925,2025-02-01,12,TME,TME_ROL_08,TME_ROL_08,TME_TA_013,OPG,OPG+,,False,
OBS_000929,2025-02-02,12,CHP,CHP_ROL_06,CHP_ROL_06,CHP_TA_002,OPG,OPG+,,False,
OBS_000926,2025-02-02,12,MRA,MRA_ROL_06,MRA_ROL_06,MRA_TA_006,OPG,OPG+,,False,
OBS_000927,2025-02-02,12,MRA,MRA_ROL_01,MRA_ROL_01,MRA_TA_018,OPG,OPG+,,False,
OBS_000928,2025-02-02,12,MRA,MRA_ROL_05,MRA_ROL_05,MRA_TA_016,OPG,OPG+,,False,
OBS_000930,2025-02-02,12,PLC,PLC_ROL_02,PLC_ROL_02,PLC_TA_008,OPG,OPG+,,False,
OBS_001120,2025-02-02,12,PLC,PLC_ROL_01,PLC_ROL_08,PLC_TA_003,OCC,OCC+,R01,True,R01CC06
OBS_001125,2025-02-02,12,PLC,PLC_ROL_08,PLC_ROL_11,PLC_TA_007,OCC,OCC+,R03,True,R03CP02
OBS_000931,2025-02-02,12,STM,STM_ROL_01,STM_ROL_01,STM_TA_006,OPG,OPG+,,False,
OBS_000932,2025-02-02,12,STM,STM_ROL_02,STM_ROL_02,STM_TA_013,OPG,OPG+,,False,
OBS_000933,2025-02-02,12,TME,TME_ROL_01,TME_ROL_01,TME_TA_016,OPG,OPG+,,False,
OBS_001116,2025-02-02,12,TME,TME_ROL_07,TME_ROL_06,TME_TA_013,OCC,OCC+,R02,True,R02CP01
